bag_id,trial_id,bag_set,original_bag_id,load_concentration,bag_colour,bag_set_detail,bag_content,bag_type,bag_placement
1,AD001-01,A,AD001-01_AD-T10-H7,HIGH,,,,,
2,AD001-01,A,AD001-01_AD-T7-H3,HIGH,,,,,
3,AD001-01,A,AD001-01_AD-T8-H1,HIGH,,,,,
4,AD001-01,A,AD001-01_AD-T8-L3,LOW,,,,,
5,AD001-01,B,AD001-01_AD-T10-H8,HIGH,,,,,
6,AD001-01,B,AD001-01_AD-T7-H4,HIGH,,,,,
7,AD001-01,B,AD001-01_AD-T8-H2,HIGH,,,,,
8,AD001-01,B,AD001-01_AD-T8-L4,LOW,,,,,
9,AD001-01,B,AD001-01_ST-R3-L2,LOW,,,,,
10,AD001-01,A,AD001-01_AD-T10-L7,LOW,,,,,
11,AD001-01,A,AD001-01_AD-T7-L5,LOW,,,,,
12,AD001-01,B,AD001-01_AD-T10-L8,LOW,,,,,
13,OWR001-01,Full,OWR001-01_BL1,LOW,,,,,
14,OWR001-01,Full,OWR001-01_CL3,LOW,,,,,
15,OWR001-01,B,OWR001-01_E2,LOW,,,,,
16,OWR001-01,B,OWR001-01_E4,LOW,,,,,
17,OWR001-01,Full,OWR001-01_H1,HIGH,,,,,
18,OWR001-01,Full,OWR001-01_H2,HIGH,,,,,
19,OWR001-01,Full,OWR001-01_H5,HIGH,,,,,
20,OWR001-01,A,OWR001-01_E5,LOW,,,,,
21,OWR001-01,Full,OWR001-01_H1,HIGH,,,,,
22,OWR001-01,Full,OWR001-01_BL1,LOW,,,,,
23,OWR001-01,Full,OWR001-01_H1,HIGH,,,,,
24,OWR001-01,Full,OWR001-01_H5,HIGH,,,,,
25,OWR001-01,Full,OWR001-01_H5,HIGH,,,,,
26,OWR001-01,Full,OWR001-01_BL1,LOW,,,,,
27,OWR001-01,Full,OWR001-01_H1,HIGH,,,,,
28,CASP001-01,B,CASP001-01_ST-R1-H8,HIGH,,,,,
29,CASP001-01,A,CASP001-01_ST-R1-L5,LOW,,,,,
30,CASP001-01,A,CASP001-01_ST-R2-H3,HIGH,,,,,
31,CASP001-01,B,CASP001-01_ST-R2-H4,HIGH,,,,,
32,CASP001-01,A,CASP001-01_ST-R2-L5,LOW,,,,,
33,CASP001-01,B,CASP001-01_ST-R2-L8,LOW,,,,,
34,CASP001-01,B,CASP001-01_ST-R3-H2,HIGH,,,,,
35,CASP001-01,A,CASP001-01_ST-R3-H7,HIGH,,,,,
36,CASP001-01,A,CASP001-01_ST-R3-L1,LOW,,,,,
37,CASP001-01,B,CASP001-01_ST-R3-L2,LOW,,,,,
38,CASP003-01,,CASP003-01_A1,,Black,CFTP baseline,,,
39,CASP003-01,,CASP003-01_A2,,Black,CFTP baseline,,,
40,CASP003-01,,CASP003-01_A3,,Black,CFTP baseline,,,
41,CASP003-01,,CASP003-01_C1,,Orange,Alter Eco Quinoa,,,
42,CASP003-01,,CASP003-01_C2,,Orange,Alter Eco Quinoa,,,
43,CASP003-01,,CASP003-01_C3,,Orange,Alter Eco Quinoa,,,
44,CASP003-01,,CASP003-01_B1,,White,Elk Packaging,,,
45,CASP003-01,,CASP003-01_B2,,White,Elk Packaging,,,
46,CASP003-01,,CASP003-01_B3,,White,Elk Packaging,,,
47,CASP003-01,,CASP003-01_D1,,Blue,Vegware Rigid Biopolymers,,,
48,CASP003-01,,CASP003-01_D2,,Blue,Vegware Rigid Biopolymers,,,
49,CASP003-01,,CASP003-01_D3,,Blue,Vegware Rigid Biopolymers,,,
50,OWR003-01,,OWR003-01_Blue-Zip-Tie-1,,Blue,,,,
51,OWR003-01,,OWR003-01_Blue-Zip-Tie-2,,Blue,,,,
52,OWR003-01,,OWR003-01_Blue-Zip-Tie-3,,Blue,,,,
53,OWR003-01,,OWR003-01_Blue-Zip-Tie-4,,Blue,,,,
54,OWR003-01,,OWR003-01_Blue-Zip-Tie-5,,Blue,,,,
55,OWR003-01,,OWR003-01_Blue-Zip-Tie-6,,Blue,,,,
56,OWR003-01,,OWR003-01_Yellow-Zip-Tie-1,,Yellow,,,,
57,OWR003-01,,OWR003-01_Yellow-Zip-Tie-2,,Yellow,,,,
58,OWR003-01,,OWR003-01_Yellow-Zip-Tie-3,,Yellow,,,,
59,OWR003-01,,OWR003-01_Yellow-Zip-Tie-4,,Yellow,,,,
60,OWR003-01,,OWR003-01_Yellow-Zip-Tie-5,,Yellow,,,,
61,OWR003-01,,OWR003-01_Yellow-Zip-Tie-6,,Yellow,,,,
62,OWR003-01,,OWR003-01_Red-Zip-Tie-1,,Red,,,,
63,OWR003-01,,OWR003-01_Red-Zip-Tie-2,,Red,,,,
64,OWR003-01,,OWR003-01_Red-Zip-Tie-3,,Red,,,,
65,OWR003-01,,OWR003-01_Red-Zip-Tie-4,,Red,,,,
66,OWR003-01,,OWR003-01_Red-Zip-Tie-5,,Red,,,,
67,OWR003-01,,OWR003-01_Red-Zip-Tie-6,,Red,,,,
68,CASP004-01,,CASP004-01_A-1,,Green,,Baseline,Standard,Top depth
69,CASP004-01,,CASP004-01_A-2,,Green,,Baseline,Standard,Top depth
70,CASP004-01,,CASP004-01_A-3,,Green,,Baseline,Standard,Top depth
71,CASP004-01,,CASP004-01_A-4,,Green,,Baseline,Standard,Top depth
72,CASP004-01,,CASP004-01_A-5,,Green,,Baseline,Standard,Bottom depth
73,CASP004-01,,CASP004-01_A-6,,Green,,Baseline,Standard,Bottom depth
74,CASP004-01,,CASP004-01_A-1,,Green,,Baseline,Standard,Top depth
75,CASP004-01,,CASP004-01_A-2,,Green,,Baseline,Standard,Top depth
76,CASP004-01,,CASP004-01_A-3,,Green,,Baseline,Standard,Top depth
77,CASP004-01,,CASP004-01_A-4,,Green,,Baseline,Standard,Top depth
78,CASP004-01,,CASP004-01_A-5,,Green,,Baseline,Standard,Bottom depth
79,CASP004-01,,CASP004-01_A-6,,Green,,Baseline,Standard,Bottom depth
80,CASP004-01,,CASP004-01_A-1,,Green,,Baseline,Standard,Top depth
81,CASP004-01,,CASP004-01_A-2,,Green,,Baseline,Standard,Top depth
82,CASP004-01,,CASP004-01_A-3,,Green,,Baseline,Standard,Top depth
83,CASP004-01,,CASP004-01_A-4,,Green,,Baseline,Standard,Top depth
84,CASP004-01,,CASP004-01_A-5,,Green,,Baseline,Standard,Bottom depth
85,CASP004-01,,CASP004-01_A-6,,Green,,Baseline,Standard,Bottom depth
86,CASP004-01,,CASP004-01_A-1,,Green,,Baseline,Standard,Top depth
87,CASP004-01,,CASP004-01_A-2,,Green,,Baseline,Standard,Top depth
88,CASP004-01,,CASP004-01_A-3,,Green,,Baseline,Standard,Top depth
89,CASP004-01,,CASP004-01_A-4,,Green,,Baseline,Standard,Top depth
90,CASP004-01,,CASP004-01_A-5,,Green,,Baseline,Standard,Bottom depth
91,CASP004-01,,CASP004-01_A-6,,Green,,Baseline,Standard,Bottom depth
92,CASP004-01,,CASP004-01_A-1,,Green,,Baseline,Standard,Top depth
93,CASP004-01,,CASP004-01_A-2,,Green,,Baseline,Standard,Top depth
94,CASP004-01,,CASP004-01_A-3,,Green,,Baseline,Standard,Top depth
95,CASP004-01,,CASP004-01_A-4,,Green,,Baseline,Standard,Top depth
96,CASP004-01,,CASP004-01_A-5,,Green,,Baseline,Standard,Bottom depth
97,CASP004-01,,CASP004-01_A-6,,Green,,Baseline,Standard,Bottom depth
98,CASP004-01,,CASP004-01_A-1,,Green,,Baseline,Standard,Top depth
99,CASP004-01,,CASP004-01_A-2,,Green,,Baseline,Standard,Top depth
100,CASP004-01,,CASP004-01_A-3,,Green,,Baseline,Standard,Top depth
101,CASP004-01,,CASP004-01_A-4,,Green,,Baseline,Standard,Top depth
102,CASP004-01,,CASP004-01_A-5,,Green,,Baseline,Standard,Bottom depth
103,CASP004-01,,CASP004-01_A-6,,Green,,Baseline,Standard,Bottom depth
104,CASP004-01,,CASP004-01_B-1,,Pink,,Custom,Standard,Top depth
105,CASP004-01,,CASP004-01_B-2,,Pink,,Custom,Standard,Top depth
106,CASP004-01,,CASP004-01_B-3,,Pink,,Custom,Standard,Top depth
107,CASP004-01,,CASP004-01_B-4,,Pink,,Custom,Standard,Top depth
108,CASP004-01,,CASP004-01_B-5,,Pink,,Custom,Standard,Bottom depth
109,CASP004-01,,CASP004-01_B-6,,Pink,,Custom,Standard,Bottom depth
110,CASP004-01,,CASP004-01_B-1,,Pink,,Custom,Standard,Top depth
111,CASP004-01,,CASP004-01_B-2,,Pink,,Custom,Standard,Top depth
112,CASP004-01,,CASP004-01_B-3,,Pink,,Custom,Standard,Top depth
113,CASP004-01,,CASP004-01_B-4,,Pink,,Custom,Standard,Top depth
114,CASP004-01,,CASP004-01_B-5,,Pink,,Custom,Standard,Bottom depth
115,CASP004-01,,CASP004-01_B-6,,Pink,,Custom,Standard,Bottom depth
116,CASP004-01,,CASP004-01_B-1,,Pink,,Custom,Standard,Top depth
117,CASP004-01,,CASP004-01_B-2,,Pink,,Custom,Standard,Top depth
118,CASP004-01,,CASP004-01_B-3,,Pink,,Custom,Standard,Top depth
119,CASP004-01,,CASP004-01_B-4,,Pink,,Custom,Standard,Top depth
120,CASP004-01,,CASP004-01_B-5,,Pink,,Custom,Standard,Bottom depth
121,CASP004-01,,CASP004-01_B-6,,Pink,,Custom,Standard,Bottom depth
122,CASP004-01,,CASP004-01_B-1,,Pink,,Custom,Standard,Top depth
123,CASP004-01,,CASP004-01_B-2,,Pink,,Custom,Standard,Top depth
124,CASP004-01,,CASP004-01_B-3,,Pink,,Custom,Standard,Top depth
125,CASP004-01,,CASP004-01_B-4,,Pink,,Custom,Standard,Top depth
126,CASP004-01,,CASP004-01_B-5,,Pink,,Custom,Standard,Bottom depth
127,CASP004-01,,CASP004-01_B-6,,Pink,,Custom,Standard,Bottom depth
128,CASP004-01,,CASP004-01_B-1,,Pink,,Custom,Standard,Top depth
129,CASP004-01,,CASP004-01_B-2,,Pink,,Custom,Standard,Top depth
130,CASP004-01,,CASP004-01_B-3,,Pink,,Custom,Standard,Top depth
131,CASP004-01,,CASP004-01_B-4,,Pink,,Custom,Standard,Top depth
132,CASP004-01,,CASP004-01_B-5,,Pink,,Custom,Standard,Bottom depth
133,CASP004-01,,CASP004-01_B-6,,Pink,,Custom,Standard,Bottom depth
134,CASP004-01,,CASP004-01_B-1,,Pink,,Custom,Standard,Top depth
135,CASP004-01,,CASP004-01_B-2,,Pink,,Custom,Standard,Top depth
136,CASP004-01,,CASP004-01_B-3,,Pink,,Custom,Standard,Top depth
137,CASP004-01,,CASP004-01_B-4,,Pink,,Custom,Standard,Top depth
138,CASP004-01,,CASP004-01_B-5,,Pink,,Custom,Standard,Bottom depth
139,CASP004-01,,CASP004-01_B-6,,Pink,,Custom,Standard,Bottom depth
140,CASP004-01,,CASP004-01_A-1,,Green,,Baseline,Standard,Top depth
141,CASP004-01,,CASP004-01_A-2,,Green,,Baseline,Standard,Top depth
142,CASP004-01,,CASP004-01_A-3,,Green,,Baseline,Standard,Top depth
143,CASP004-01,,CASP004-01_A-4,,Green,,Baseline,Standard,Top depth
144,CASP004-01,,CASP004-01_A-5,,Green,,Baseline,Standard,Bottom depth
145,CASP004-01,,CASP004-01_A-6,,Green,,Baseline,Standard,Bottom depth
146,CASP004-01,,CASP004-01_A-1,,Green,,Baseline,Standard,Top depth
147,CASP004-01,,CASP004-01_A-2,,Green,,Baseline,Standard,Top depth
148,CASP004-01,,CASP004-01_A-3,,Green,,Baseline,Standard,Top depth
149,CASP004-01,,CASP004-01_A-4,,Green,,Baseline,Standard,Top depth
150,CASP004-01,,CASP004-01_A-5,,Green,,Baseline,Standard,Bottom depth
151,CASP004-01,,CASP004-01_A-6,,Green,,Baseline,Standard,Bottom depth
152,CASP004-01,,CASP004-01_A-1,,Green,,Baseline,Standard,Top depth
153,CASP004-01,,CASP004-01_A-2,,Green,,Baseline,Standard,Top depth
154,CASP004-01,,CASP004-01_A-3,,Green,,Baseline,Standard,Top depth
155,CASP004-01,,CASP004-01_A-4,,Green,,Baseline,Standard,Top depth
156,CASP004-01,,CASP004-01_A-5,,Green,,Baseline,Standard,Bottom depth
157,CASP004-01,,CASP004-01_A-6,,Green,,Baseline,Standard,Bottom depth
158,CASP004-01,,CASP004-01_A-1,,Green,,Baseline,Standard,Top depth
159,CASP004-01,,CASP004-01_A-2,,Green,,Baseline,Standard,Top depth
160,CASP004-01,,CASP004-01_A-3,,Green,,Baseline,Standard,Top depth
161,CASP004-01,,CASP004-01_A-4,,Green,,Baseline,Standard,Top depth
162,CASP004-01,,CASP004-01_A-5,,Green,,Baseline,Standard,Bottom depth
163,CASP004-01,,CASP004-01_A-6,,Green,,Baseline,Standard,Bottom depth
164,CASP004-01,,CASP004-01_A-1,,Green,,Baseline,Standard,Top depth
165,CASP004-01,,CASP004-01_A-2,,Green,,Baseline,Standard,Top depth
166,CASP004-01,,CASP004-01_A-3,,Green,,Baseline,Standard,Top depth
167,CASP004-01,,CASP004-01_A-4,,Green,,Baseline,Standard,Top depth
168,CASP004-01,,CASP004-01_A-5,,Green,,Baseline,Standard,Bottom depth
169,CASP004-01,,CASP004-01_A-6,,Green,,Baseline,Standard,Bottom depth
170,CASP004-01,,CASP004-01_A-1,,Green,,Baseline,Standard,Top depth
171,CASP004-01,,CASP004-01_A-2,,Green,,Baseline,Standard,Top depth
172,CASP004-01,,CASP004-01_A-3,,Green,,Baseline,Standard,Top depth
173,CASP004-01,,CASP004-01_A-4,,Green,,Baseline,Standard,Top depth
174,CASP004-01,,CASP004-01_A-5,,Green,,Baseline,Standard,Bottom depth
175,CASP004-01,,CASP004-01_A-6,,Green,,Baseline,Standard,Bottom depth
176,CASP004-01,,CASP004-01_B-1,,Pink,,Custom,Standard,Top depth
177,CASP004-01,,CASP004-01_B-2,,Pink,,Custom,Standard,Top depth
178,CASP004-01,,CASP004-01_B-3,,Pink,,Custom,Standard,Top depth
179,CASP004-01,,CASP004-01_B-4,,Pink,,Custom,Standard,Top depth
180,CASP004-01,,CASP004-01_B-5,,Pink,,Custom,Standard,Bottom depth
181,CASP004-01,,CASP004-01_B-6,,Pink,,Custom,Standard,Bottom depth
182,CASP004-01,,CASP004-01_B-1,,Pink,,Custom,Standard,Top depth
183,CASP004-01,,CASP004-01_B-2,,Pink,,Custom,Standard,Top depth
184,CASP004-01,,CASP004-01_B-3,,Pink,,Custom,Standard,Top depth
185,CASP004-01,,CASP004-01_B-4,,Pink,,Custom,Standard,Top depth
186,CASP004-01,,CASP004-01_B-5,,Pink,,Custom,Standard,Bottom depth
187,CASP004-01,,CASP004-01_B-6,,Pink,,Custom,Standard,Bottom depth
188,CASP004-01,,CASP004-01_B-1,,Pink,,Custom,Standard,Top depth
189,CASP004-01,,CASP004-01_B-2,,Pink,,Custom,Standard,Top depth
190,CASP004-01,,CASP004-01_B-3,,Pink,,Custom,Standard,Top depth
191,CASP004-01,,CASP004-01_B-4,,Pink,,Custom,Standard,Top depth
192,CASP004-01,,CASP004-01_B-5,,Pink,,Custom,Standard,Bottom depth
193,CASP004-01,,CASP004-01_B-6,,Pink,,Custom,Standard,Bottom depth
194,CASP004-01,,CASP004-01_B-1,,Pink,,Custom,Standard,Top depth
195,CASP004-01,,CASP004-01_B-2,,Pink,,Custom,Standard,Top depth
196,CASP004-01,,CASP004-01_B-3,,Pink,,Custom,Standard,Top depth
197,CASP004-01,,CASP004-01_B-4,,Pink,,Custom,Standard,Top depth
198,CASP004-01,,CASP004-01_B-5,,Pink,,Custom,Standard,Bottom depth
199,CASP004-01,,CASP004-01_B-6,,Pink,,Custom,Standard,Bottom depth
200,CASP004-01,,CASP004-01_B-1,,Pink,,Custom,Standard,Top depth
201,CASP004-01,,CASP004-01_B-2,,Pink,,Custom,Standard,Top depth
202,CASP004-01,,CASP004-01_B-3,,Pink,,Custom,Standard,Top depth
203,CASP004-01,,CASP004-01_B-4,,Pink,,Custom,Standard,Top depth
204,CASP004-01,,CASP004-01_B-5,,Pink,,Custom,Standard,Bottom depth
205,CASP004-01,,CASP004-01_B-6,,Pink,,Custom,Standard,Bottom depth
206,CASP004-01,,CASP004-01_B-1,,Pink,,Custom,Standard,Top depth
207,CASP004-01,,CASP004-01_B-2,,Pink,,Custom,Standard,Top depth
208,CASP004-01,,CASP004-01_B-3,,Pink,,Custom,Standard,Top depth
209,CASP004-01,,CASP004-01_B-4,,Pink,,Custom,Standard,Top depth
210,CASP004-01,,CASP004-01_B-5,,Pink,,Custom,Standard,Bottom depth
211,CASP004-01,,CASP004-01_B-6,,Pink,,Custom,Standard,Bottom depth
212,CASP004-01,,CASP004-01_B-1,,Pink,,Custom,Standard,Top depth
213,CASP004-01,,CASP004-01_B-2,,Pink,,Custom,Standard,Top depth
214,CASP004-01,,CASP004-01_B-3,,Pink,,Custom,Standard,Top depth
215,CASP004-01,,CASP004-01_B-4,,Pink,,Custom,Standard,Top depth
216,CASP004-01,,CASP004-01_B-5,,Pink,,Custom,Standard,Bottom depth
217,CASP004-01,,CASP004-01_B-6,,Pink,,Custom,Standard,Bottom depth
218,CASP004-01,,CASP004-01_B-1,,Pink,,Custom,Standard,Top depth
219,CASP004-01,,CASP004-01_B-2,,Pink,,Custom,Standard,Top depth
220,CASP004-01,,CASP004-01_B-3,,Pink,,Custom,Standard,Top depth
221,CASP004-01,,CASP004-01_B-4,,Pink,,Custom,Standard,Top depth
222,CASP004-01,,CASP004-01_B-5,,Pink,,Custom,Standard,Bottom depth
223,CASP004-01,,CASP004-01_B-6,,Pink,,Custom,Standard,Bottom depth
224,CASP004-01,,CASP004-01_B-1,,Pink,,Custom,Standard,Top depth
225,CASP004-01,,CASP004-01_B-2,,Pink,,Custom,Standard,Top depth
226,CASP004-01,,CASP004-01_B-3,,Pink,,Custom,Standard,Top depth
227,CASP004-01,,CASP004-01_B-4,,Pink,,Custom,Standard,Top depth
228,CASP004-01,,CASP004-01_B-5,,Pink,,Custom,Standard,Bottom depth
229,CASP004-01,,CASP004-01_B-6,,Pink,,Custom,Standard,Bottom depth
230,CASP004-01,,CASP004-01_B-1,,Pink,,Custom,Standard,Top depth
231,CASP004-01,,CASP004-01_B-2,,Pink,,Custom,Standard,Top depth
232,CASP004-01,,CASP004-01_B-3,,Pink,,Custom,Standard,Top depth
233,CASP004-01,,CASP004-01_B-4,,Pink,,Custom,Standard,Top depth
234,CASP004-01,,CASP004-01_B-5,,Pink,,Custom,Standard,Bottom depth
235,CASP004-01,,CASP004-01_B-6,,Pink,,Custom,Standard,Bottom depth
236,CASP004-01,,CASP004-01_B-1,,Pink,,Custom,Standard,Top depth
237,CASP004-01,,CASP004-01_B-2,,Pink,,Custom,Standard,Top depth
238,CASP004-01,,CASP004-01_B-3,,Pink,,Custom,Standard,Top depth
239,CASP004-01,,CASP004-01_B-4,,Pink,,Custom,Standard,Top depth
240,CASP004-01,,CASP004-01_B-5,,Pink,,Custom,Standard,Bottom depth
241,CASP004-01,,CASP004-01_B-6,,Pink,,Custom,Standard,Bottom depth
242,CASP004-01,,CASP004-01_B-1,,Pink,,Custom,Standard,Top depth
243,CASP004-01,,CASP004-01_B-2,,Pink,,Custom,Standard,Top depth
244,CASP004-01,,CASP004-01_B-3,,Pink,,Custom,Standard,Top depth
245,CASP004-01,,CASP004-01_B-4,,Pink,,Custom,Standard,Top depth
246,CASP004-01,,CASP004-01_B-5,,Pink,,Custom,Standard,Bottom depth
247,CASP004-01,,CASP004-01_B-6,,Pink,,Custom,Standard,Bottom depth
248,CASP004-01,,CASP004-01_B-1,,Pink,,Custom,Standard,Top depth
249,CASP004-01,,CASP004-01_B-2,,Pink,,Custom,Standard,Top depth
250,CASP004-01,,CASP004-01_B-3,,Pink,,Custom,Standard,Top depth
251,CASP004-01,,CASP004-01_B-4,,Pink,,Custom,Standard,Top depth
252,CASP004-01,,CASP004-01_B-5,,Pink,,Custom,Standard,Bottom depth
253,CASP004-01,,CASP004-01_B-6,,Pink,,Custom,Standard,Bottom depth
254,CASP004-01,,CASP004-01_B-1,,Pink,,Custom,Standard,Top depth
255,CASP004-01,,CASP004-01_B-2,,Pink,,Custom,Standard,Top depth
256,CASP004-01,,CASP004-01_B-3,,Pink,,Custom,Standard,Top depth
257,CASP004-01,,CASP004-01_B-4,,Pink,,Custom,Standard,Top depth
258,CASP004-01,,CASP004-01_B-5,,Pink,,Custom,Standard,Bottom depth
259,CASP004-01,,CASP004-01_B-6,,Pink,,Custom,Standard,Bottom depth
260,CASP004-01,,CASP004-01_B-1,,Pink,,Custom,Standard,Top depth
261,CASP004-01,,CASP004-01_B-2,,Pink,,Custom,Standard,Top depth
262,CASP004-01,,CASP004-01_B-3,,Pink,,Custom,Standard,Top depth
263,CASP004-01,,CASP004-01_B-4,,Pink,,Custom,Standard,Top depth
264,CASP004-01,,CASP004-01_B-5,,Pink,,Custom,Standard,Bottom depth
265,CASP004-01,,CASP004-01_B-6,,Pink,,Custom,Standard,Bottom depth
266,CASP004-01,,CASP004-01_B-1,,Pink,,Custom,Standard,Top depth
267,CASP004-01,,CASP004-01_B-2,,Pink,,Custom,Standard,Top depth
268,CASP004-01,,CASP004-01_B-3,,Pink,,Custom,Standard,Top depth
269,CASP004-01,,CASP004-01_B-4,,Pink,,Custom,Standard,Top depth
270,CASP004-01,,CASP004-01_B-5,,Pink,,Custom,Standard,Bottom depth
271,CASP004-01,,CASP004-01_B-6,,Pink,,Custom,Standard,Bottom depth
272,CASP004-01,,CASP004-01_B-1,,Pink,,Custom,Standard,Top depth
273,CASP004-01,,CASP004-01_B-2,,Pink,,Custom,Standard,Top depth
274,CASP004-01,,CASP004-01_B-3,,Pink,,Custom,Standard,Top depth
275,CASP004-01,,CASP004-01_B-4,,Pink,,Custom,Standard,Top depth
276,CASP004-01,,CASP004-01_B-5,,Pink,,Custom,Standard,Bottom depth
277,CASP004-01,,CASP004-01_B-6,,Pink,,Custom,Standard,Bottom depth
278,CASP004-01,,CASP004-01_B-1,,Pink,,Custom,Standard,Top depth
279,CASP004-01,,CASP004-01_B-2,,Pink,,Custom,Standard,Top depth
280,CASP004-01,,CASP004-01_B-3,,Pink,,Custom,Standard,Top depth
281,CASP004-01,,CASP004-01_B-4,,Pink,,Custom,Standard,Top depth
282,CASP004-01,,CASP004-01_B-5,,Pink,,Custom,Standard,Bottom depth
283,CASP004-01,,CASP004-01_B-6,,Pink,,Custom,Standard,Bottom depth
284,CASP004-01,,CASP004-01_A-1,,Green,,Baseline,Standard,Top depth
285,CASP004-01,,CASP004-01_A-2,,Green,,Baseline,Standard,Top depth
286,CASP004-01,,CASP004-01_A-3,,Green,,Baseline,Standard,Top depth
287,CASP004-01,,CASP004-01_A-4,,Green,,Baseline,Standard,Top depth
288,CASP004-01,,CASP004-01_A-5,,Green,,Baseline,Standard,Bottom depth
289,CASP004-01,,CASP004-01_A-6,,Green,,Baseline,Standard,Bottom depth
290,CASP004-01,,CASP004-01_A-1,,Green,,Baseline,Standard,Top depth
291,CASP004-01,,CASP004-01_A-2,,Green,,Baseline,Standard,Top depth
292,CASP004-01,,CASP004-01_A-3,,Green,,Baseline,Standard,Top depth
293,CASP004-01,,CASP004-01_A-4,,Green,,Baseline,Standard,Top depth
294,CASP004-01,,CASP004-01_A-5,,Green,,Baseline,Standard,Bottom depth
295,CASP004-01,,CASP004-01_A-6,,Green,,Baseline,Standard,Bottom depth
296,CASP004-01,,CASP004-01_A-1,,Green,,Baseline,Standard,Top depth
297,CASP004-01,,CASP004-01_A-2,,Green,,Baseline,Standard,Top depth
298,CASP004-01,,CASP004-01_A-3,,Green,,Baseline,Standard,Top depth
299,CASP004-01,,CASP004-01_A-4,,Green,,Baseline,Standard,Top depth
300,CASP004-01,,CASP004-01_A-5,,Green,,Baseline,Standard,Bottom depth
301,CASP004-01,,CASP004-01_A-6,,Green,,Baseline,Standard,Bottom depth
302,CASP004-01,,CASP004-01_A-1,,Green,,Baseline,Standard,Top depth
303,CASP004-01,,CASP004-01_A-2,,Green,,Baseline,Standard,Top depth
304,CASP004-01,,CASP004-01_A-3,,Green,,Baseline,Standard,Top depth
305,CASP004-01,,CASP004-01_A-4,,Green,,Baseline,Standard,Top depth
306,CASP004-01,,CASP004-01_A-5,,Green,,Baseline,Standard,Bottom depth
307,CASP004-01,,CASP004-01_A-6,,Green,,Baseline,Standard,Bottom depth
308,CASP004-01,,CASP004-01_A-1,,Green,,Baseline,Standard,Top depth
309,CASP004-01,,CASP004-01_A-2,,Green,,Baseline,Standard,Top depth
310,CASP004-01,,CASP004-01_A-3,,Green,,Baseline,Standard,Top depth
311,CASP004-01,,CASP004-01_A-4,,Green,,Baseline,Standard,Top depth
312,CASP004-01,,CASP004-01_A-5,,Green,,Baseline,Standard,Bottom depth
313,CASP004-01,,CASP004-01_A-6,,Green,,Baseline,Standard,Bottom depth
314,CASP004-01,,CASP004-01_A-1,,Green,,Baseline,Standard,Top depth
315,CASP004-01,,CASP004-01_A-2,,Green,,Baseline,Standard,Top depth
316,CASP004-01,,CASP004-01_A-3,,Green,,Baseline,Standard,Top depth
317,CASP004-01,,CASP004-01_A-4,,Green,,Baseline,Standard,Top depth
318,CASP004-01,,CASP004-01_A-5,,Green,,Baseline,Standard,Bottom depth
319,CASP004-01,,CASP004-01_A-6,,Green,,Baseline,Standard,Bottom depth
320,CASP004-01,,CASP004-01_B-1,,Pink,,Custom,Standard,Top depth
321,CASP004-01,,CASP004-01_B-2,,Pink,,Custom,Standard,Top depth
322,CASP004-01,,CASP004-01_B-3,,Pink,,Custom,Standard,Top depth
323,CASP004-01,,CASP004-01_B-4,,Pink,,Custom,Standard,Top depth
324,CASP004-01,,CASP004-01_B-5,,Pink,,Custom,Standard,Bottom depth
325,CASP004-01,,CASP004-01_B-6,,Pink,,Custom,Standard,Bottom depth
326,CASP004-01,,CASP004-01_B-1,,Pink,,Custom,Standard,Top depth
327,CASP004-01,,CASP004-01_B-2,,Pink,,Custom,Standard,Top depth
328,CASP004-01,,CASP004-01_B-3,,Pink,,Custom,Standard,Top depth
329,CASP004-01,,CASP004-01_B-4,,Pink,,Custom,Standard,Top depth
330,CASP004-01,,CASP004-01_B-5,,Pink,,Custom,Standard,Bottom depth
331,CASP004-01,,CASP004-01_B-6,,Pink,,Custom,Standard,Bottom depth
332,CASP004-01,,CASP004-01_B-1,,Pink,,Custom,Standard,Top depth
333,CASP004-01,,CASP004-01_B-2,,Pink,,Custom,Standard,Top depth
334,CASP004-01,,CASP004-01_B-3,,Pink,,Custom,Standard,Top depth
335,CASP004-01,,CASP004-01_B-4,,Pink,,Custom,Standard,Top depth
336,CASP004-01,,CASP004-01_B-5,,Pink,,Custom,Standard,Bottom depth
337,CASP004-01,,CASP004-01_B-6,,Pink,,Custom,Standard,Bottom depth
338,CASP004-01,,CASP004-01_B-1,,Pink,,Custom,Standard,Top depth
339,CASP004-01,,CASP004-01_B-2,,Pink,,Custom,Standard,Top depth
340,CASP004-01,,CASP004-01_B-3,,Pink,,Custom,Standard,Top depth
341,CASP004-01,,CASP004-01_B-4,,Pink,,Custom,Standard,Top depth
342,CASP004-01,,CASP004-01_B-5,,Pink,,Custom,Standard,Bottom depth
343,CASP004-01,,CASP004-01_B-6,,Pink,,Custom,Standard,Bottom depth
344,CASP004-01,,CASP004-01_B-1,,Pink,,Custom,Standard,Top depth
345,CASP004-01,,CASP004-01_B-2,,Pink,,Custom,Standard,Top depth
346,CASP004-01,,CASP004-01_B-3,,Pink,,Custom,Standard,Top depth
347,CASP004-01,,CASP004-01_B-4,,Pink,,Custom,Standard,Top depth
348,CASP004-01,,CASP004-01_B-5,,Pink,,Custom,Standard,Bottom depth
349,CASP004-01,,CASP004-01_B-6,,Pink,,Custom,Standard,Bottom depth
350,CASP004-01,,CASP004-01_B-1,,Pink,,Custom,Standard,Top depth
351,CASP004-01,,CASP004-01_B-2,,Pink,,Custom,Standard,Top depth
352,CASP004-01,,CASP004-01_B-3,,Pink,,Custom,Standard,Top depth
353,CASP004-01,,CASP004-01_B-4,,Pink,,Custom,Standard,Top depth
354,CASP004-01,,CASP004-01_B-5,,Pink,,Custom,Standard,Bottom depth
355,CASP004-01,,CASP004-01_B-6,,Pink,,Custom,Standard,Bottom depth
356,CASP004-01,,CASP004-01_B-1,,Pink,,Custom,Standard,Top depth
357,CASP004-01,,CASP004-01_B-2,,Pink,,Custom,Standard,Top depth
358,CASP004-01,,CASP004-01_B-3,,Pink,,Custom,Standard,Top depth
359,CASP004-01,,CASP004-01_B-4,,Pink,,Custom,Standard,Top depth
360,CASP004-01,,CASP004-01_B-5,,Pink,,Custom,Standard,Bottom depth
361,CASP004-01,,CASP004-01_B-6,,Pink,,Custom,Standard,Bottom depth
362,CASP004-01,,CASP004-01_B-1,,Pink,,Custom,Standard,Top depth
363,CASP004-01,,CASP004-01_B-2,,Pink,,Custom,Standard,Top depth
364,CASP004-01,,CASP004-01_B-3,,Pink,,Custom,Standard,Top depth
365,CASP004-01,,CASP004-01_B-4,,Pink,,Custom,Standard,Top depth
366,CASP004-01,,CASP004-01_B-5,,Pink,,Custom,Standard,Bottom depth
367,CASP004-01,,CASP004-01_B-6,,Pink,,Custom,Standard,Bottom depth
368,CASP004-01,,CASP004-01_B-1,,Pink,,Custom,Standard,Top depth
369,CASP004-01,,CASP004-01_B-2,,Pink,,Custom,Standard,Top depth
370,CASP004-01,,CASP004-01_B-3,,Pink,,Custom,Standard,Top depth
371,CASP004-01,,CASP004-01_B-4,,Pink,,Custom,Standard,Top depth
372,CASP004-01,,CASP004-01_B-5,,Pink,,Custom,Standard,Bottom depth
373,CASP004-01,,CASP004-01_B-6,,Pink,,Custom,Standard,Bottom depth
374,CASP004-01,,CASP004-01_B-1,,Pink,,Custom,Standard,Top depth
375,CASP004-01,,CASP004-01_B-2,,Pink,,Custom,Standard,Top depth
376,CASP004-01,,CASP004-01_B-3,,Pink,,Custom,Standard,Top depth
377,CASP004-01,,CASP004-01_B-4,,Pink,,Custom,Standard,Top depth
378,CASP004-01,,CASP004-01_B-5,,Pink,,Custom,Standard,Bottom depth
379,CASP004-01,,CASP004-01_B-6,,Pink,,Custom,Standard,Bottom depth
380,CASP004-01,,CASP004-01_B-1,,Pink,,Custom,Standard,Top depth
381,CASP004-01,,CASP004-01_B-2,,Pink,,Custom,Standard,Top depth
382,CASP004-01,,CASP004-01_B-3,,Pink,,Custom,Standard,Top depth
383,CASP004-01,,CASP004-01_B-4,,Pink,,Custom,Standard,Top depth
384,CASP004-01,,CASP004-01_B-5,,Pink,,Custom,Standard,Bottom depth
385,CASP004-01,,CASP004-01_B-6,,Pink,,Custom,Standard,Bottom depth
386,CASP004-01,,CASP004-01_B-1,,Pink,,Custom,Standard,Top depth
387,CASP004-01,,CASP004-01_B-2,,Pink,,Custom,Standard,Top depth
388,CASP004-01,,CASP004-01_B-3,,Pink,,Custom,Standard,Top depth
389,CASP004-01,,CASP004-01_B-4,,Pink,,Custom,Standard,Top depth
390,CASP004-01,,CASP004-01_B-5,,Pink,,Custom,Standard,Bottom depth
391,CASP004-01,,CASP004-01_B-6,,Pink,,Custom,Standard,Bottom depth
392,CASP004-01,,CASP004-01_A-1,,Green,,Baseline,Standard,Top depth
393,CASP004-01,,CASP004-01_A-2,,Green,,Baseline,Standard,Top depth
394,CASP004-01,,CASP004-01_A-3,,Green,,Baseline,Standard,Top depth
395,CASP004-01,,CASP004-01_A-4,,Green,,Baseline,Standard,Top depth
396,CASP004-01,,CASP004-01_A-5,,Green,,Baseline,Standard,Bottom depth
397,CASP004-01,,CASP004-01_A-6,,Green,,Baseline,Standard,Bottom depth
398,CASP004-01,,CASP004-01_A-1,,Green,,Baseline,Standard,Top depth
399,CASP004-01,,CASP004-01_A-2,,Green,,Baseline,Standard,Top depth
400,CASP004-01,,CASP004-01_A-3,,Green,,Baseline,Standard,Top depth
401,CASP004-01,,CASP004-01_A-4,,Green,,Baseline,Standard,Top depth
402,CASP004-01,,CASP004-01_A-5,,Green,,Baseline,Standard,Bottom depth
403,CASP004-01,,CASP004-01_A-6,,Green,,Baseline,Standard,Bottom depth
404,CASP004-01,,CASP004-01_A-1,,Green,,Baseline,Standard,Top depth
405,CASP004-01,,CASP004-01_A-2,,Green,,Baseline,Standard,Top depth
406,CASP004-01,,CASP004-01_A-3,,Green,,Baseline,Standard,Top depth
407,CASP004-01,,CASP004-01_A-4,,Green,,Baseline,Standard,Top depth
408,CASP004-01,,CASP004-01_A-5,,Green,,Baseline,Standard,Bottom depth
409,CASP004-01,,CASP004-01_A-6,,Green,,Baseline,Standard,Bottom depth
410,CASP004-01,,CASP004-01_A-1,,Green,,Baseline,Standard,Top depth
411,CASP004-01,,CASP004-01_A-2,,Green,,Baseline,Standard,Top depth
412,CASP004-01,,CASP004-01_A-3,,Green,,Baseline,Standard,Top depth
413,CASP004-01,,CASP004-01_A-4,,Green,,Baseline,Standard,Top depth
414,CASP004-01,,CASP004-01_A-5,,Green,,Baseline,Standard,Bottom depth
415,CASP004-01,,CASP004-01_A-6,,Green,,Baseline,Standard,Bottom depth
416,CASP004-01,,CASP004-01_A-1,,Green,,Baseline,Standard,Top depth
417,CASP004-01,,CASP004-01_A-2,,Green,,Baseline,Standard,Top depth
418,CASP004-01,,CASP004-01_A-3,,Green,,Baseline,Standard,Top depth
419,CASP004-01,,CASP004-01_A-4,,Green,,Baseline,Standard,Top depth
420,CASP004-01,,CASP004-01_A-5,,Green,,Baseline,Standard,Bottom depth
421,CASP004-01,,CASP004-01_A-6,,Green,,Baseline,Standard,Bottom depth
422,CASP004-01,,CASP004-01_A-1,,Green,,Baseline,Standard,Top depth
423,CASP004-01,,CASP004-01_A-2,,Green,,Baseline,Standard,Top depth
424,CASP004-01,,CASP004-01_A-3,,Green,,Baseline,Standard,Top depth
425,CASP004-01,,CASP004-01_A-4,,Green,,Baseline,Standard,Top depth
426,CASP004-01,,CASP004-01_A-5,,Green,,Baseline,Standard,Bottom depth
427,CASP004-01,,CASP004-01_A-6,,Green,,Baseline,Standard,Bottom depth
428,CASP004-01,,CASP004-01_A-1,,Green,,Baseline,Standard,Top depth
429,CASP004-01,,CASP004-01_A-2,,Green,,Baseline,Standard,Top depth
430,CASP004-01,,CASP004-01_A-3,,Green,,Baseline,Standard,Top depth
431,CASP004-01,,CASP004-01_A-4,,Green,,Baseline,Standard,Top depth
432,CASP004-01,,CASP004-01_A-5,,Green,,Baseline,Standard,Bottom depth
433,CASP004-01,,CASP004-01_A-6,,Green,,Baseline,Standard,Bottom depth
434,CASP004-01,,CASP004-01_B-1,,Pink,,Baseline,Standard,Top depth
435,CASP004-01,,CASP004-01_B-2,,Pink,,Baseline,Standard,Top depth
436,CASP004-01,,CASP004-01_B-3,,Pink,,Baseline,Standard,Top depth
437,CASP004-01,,CASP004-01_B-4,,Pink,,Baseline,Standard,Top depth
438,CASP004-01,,CASP004-01_B-5,,Pink,,Baseline,Standard,Bottom depth
439,CASP004-01,,CASP004-01_B-6,,Pink,,Baseline,Standard,Bottom depth
440,CASP004-01,,CASP004-01_C-1,,Red,,Baseline,Standard,Top depth
441,CASP004-01,,CASP004-01_C-2,,Red,,Baseline,Standard,Top depth
442,CASP004-01,,CASP004-01_C-3,,Red,,Baseline,Standard,Top depth
443,CASP004-01,,CASP004-01_C-4,,Red,,Baseline,Standard,Top depth
444,CASP004-01,,CASP004-01_C-5,,Red,,Baseline,Standard,Bottom depth
445,CASP004-01,,CASP004-01_C-6,,Red,,Baseline,Standard,Bottom depth
446,CASP004-01,,CASP004-01_A-1,,Green,,Baseline,Standard,Top depth
447,CASP004-01,,CASP004-01_A-2,,Green,,Baseline,Standard,Top depth
448,CASP004-01,,CASP004-01_A-3,,Green,,Baseline,Standard,Top depth
449,CASP004-01,,CASP004-01_A-4,,Green,,Baseline,Standard,Top depth
450,CASP004-01,,CASP004-01_A-5,,Green,,Baseline,Standard,Bottom depth
451,CASP004-01,,CASP004-01_A-6,,Green,,Baseline,Standard,Bottom depth
452,CASP004-01,,CASP004-01_B-1,,Pink,,Baseline,Standard,Top depth
453,CASP004-01,,CASP004-01_B-2,,Pink,,Baseline,Standard,Top depth
454,CASP004-01,,CASP004-01_B-3,,Pink,,Baseline,Standard,Top depth
455,CASP004-01,,CASP004-01_B-4,,Pink,,Baseline,Standard,Top depth
456,CASP004-01,,CASP004-01_B-5,,Pink,,Baseline,Standard,Bottom depth
457,CASP004-01,,CASP004-01_B-6,,Pink,,Baseline,Standard,Bottom depth
458,CASP004-01,,CASP004-01_C-1,,Red,,Baseline,Standard,Top depth
459,CASP004-01,,CASP004-01_C-2,,Red,,Baseline,Standard,Top depth
460,CASP004-01,,CASP004-01_C-3,,Red,,Baseline,Standard,Top depth
461,CASP004-01,,CASP004-01_C-4,,Red,,Baseline,Standard,Top depth
462,CASP004-01,,CASP004-01_C-5,,Red,,Baseline,Standard,Bottom depth
463,CASP004-01,,CASP004-01_C-6,,Red,,Baseline,Standard,Bottom depth
464,CASP004-01,,CASP004-01_A-1,,Green,,Baseline,Standard,Top depth
465,CASP004-01,,CASP004-01_A-2,,Green,,Baseline,Standard,Top depth
466,CASP004-01,,CASP004-01_A-3,,Green,,Baseline,Standard,Top depth
467,CASP004-01,,CASP004-01_A-4,,Green,,Baseline,Standard,Top depth
468,CASP004-01,,CASP004-01_A-5,,Green,,Baseline,Standard,Bottom depth
469,CASP004-01,,CASP004-01_A-6,,Green,,Baseline,Standard,Bottom depth
470,CASP004-01,,CASP004-01_B-1,,Pink,,Baseline,Standard,Top depth
471,CASP004-01,,CASP004-01_B-2,,Pink,,Baseline,Standard,Top depth
472,CASP004-01,,CASP004-01_B-3,,Pink,,Baseline,Standard,Top depth
473,CASP004-01,,CASP004-01_B-4,,Pink,,Baseline,Standard,Top depth
474,CASP004-01,,CASP004-01_B-5,,Pink,,Baseline,Standard,Bottom depth
475,CASP004-01,,CASP004-01_B-6,,Pink,,Baseline,Standard,Bottom depth
476,CASP004-01,,CASP004-01_C-1,,Red,,Baseline,Standard,Top depth
477,CASP004-01,,CASP004-01_C-2,,Red,,Baseline,Standard,Top depth
478,CASP004-01,,CASP004-01_C-3,,Red,,Baseline,Standard,Top depth
479,CASP004-01,,CASP004-01_C-4,,Red,,Baseline,Standard,Top depth
480,CASP004-01,,CASP004-01_C-5,,Red,,Baseline,Standard,Bottom depth
481,CASP004-01,,CASP004-01_C-6,,Red,,Baseline,Standard,Bottom depth
482,CASP004-01,,CASP004-01_A-1,,Green,,Baseline,Standard,Top depth
483,CASP004-01,,CASP004-01_A-2,,Green,,Baseline,Standard,Top depth
484,CASP004-01,,CASP004-01_A-3,,Green,,Baseline,Standard,Top depth
485,CASP004-01,,CASP004-01_A-4,,Green,,Baseline,Standard,Top depth
486,CASP004-01,,CASP004-01_A-5,,Green,,Baseline,Standard,Bottom depth
487,CASP004-01,,CASP004-01_A-6,,Green,,Baseline,Standard,Bottom depth
488,CASP004-01,,CASP004-01_B-1,,Pink,,Baseline,Standard,Top depth
489,CASP004-01,,CASP004-01_B-2,,Pink,,Baseline,Standard,Top depth
490,CASP004-01,,CASP004-01_B-3,,Pink,,Baseline,Standard,Top depth
491,CASP004-01,,CASP004-01_B-4,,Pink,,Baseline,Standard,Top depth
492,CASP004-01,,CASP004-01_B-5,,Pink,,Baseline,Standard,Bottom depth
493,CASP004-01,,CASP004-01_B-6,,Pink,,Baseline,Standard,Bottom depth
494,CASP004-01,,CASP004-01_C-1,,Red,,Baseline,Standard,Top depth
495,CASP004-01,,CASP004-01_C-2,,Red,,Baseline,Standard,Top depth
496,CASP004-01,,CASP004-01_C-3,,Red,,Baseline,Standard,Top depth
497,CASP004-01,,CASP004-01_C-4,,Red,,Baseline,Standard,Top depth
498,CASP004-01,,CASP004-01_C-5,,Red,,Baseline,Standard,Bottom depth
499,CASP004-01,,CASP004-01_C-6,,Red,,Baseline,Standard,Bottom depth
500,CASP004-01,,CASP004-01_A-1,,Green,,Baseline,Standard,Top depth
501,CASP004-01,,CASP004-01_A-2,,Green,,Baseline,Standard,Top depth
502,CASP004-01,,CASP004-01_A-3,,Green,,Baseline,Standard,Top depth
503,CASP004-01,,CASP004-01_A-4,,Green,,Baseline,Standard,Top depth
504,CASP004-01,,CASP004-01_A-5,,Green,,Baseline,Standard,Bottom depth
505,CASP004-01,,CASP004-01_A-6,,Green,,Baseline,Standard,Bottom depth
506,CASP004-01,,CASP004-01_B-1,,Pink,,Baseline,Standard,Top depth
507,CASP004-01,,CASP004-01_B-2,,Pink,,Baseline,Standard,Top depth
508,CASP004-01,,CASP004-01_B-3,,Pink,,Baseline,Standard,Top depth
509,CASP004-01,,CASP004-01_B-4,,Pink,,Baseline,Standard,Top depth
510,CASP004-01,,CASP004-01_B-5,,Pink,,Baseline,Standard,Bottom depth
511,CASP004-01,,CASP004-01_B-6,,Pink,,Baseline,Standard,Bottom depth
512,CASP004-01,,CASP004-01_C-1,,Red,,Baseline,Standard,Top depth
513,CASP004-01,,CASP004-01_C-2,,Red,,Baseline,Standard,Top depth
514,CASP004-01,,CASP004-01_C-3,,Red,,Baseline,Standard,Top depth
515,CASP004-01,,CASP004-01_C-4,,Red,,Baseline,Standard,Top depth
516,CASP004-01,,CASP004-01_C-5,,Red,,Baseline,Standard,Bottom depth
517,CASP004-01,,CASP004-01_C-6,,Red,,Baseline,Standard,Bottom depth
518,CASP004-01,,CASP004-01_A-1,,Green,,Baseline,Standard,Top depth
519,CASP004-01,,CASP004-01_A-2,,Green,,Baseline,Standard,Top depth
520,CASP004-01,,CASP004-01_A-3,,Green,,Baseline,Standard,Top depth
521,CASP004-01,,CASP004-01_A-4,,Green,,Baseline,Standard,Top depth
522,CASP004-01,,CASP004-01_A-5,,Green,,Baseline,Standard,Bottom depth
523,CASP004-01,,CASP004-01_A-6,,Green,,Baseline,Standard,Bottom depth
524,CASP004-01,,CASP004-01_B-1,,Pink,,Baseline,Standard,Top depth
525,CASP004-01,,CASP004-01_B-2,,Pink,,Baseline,Standard,Top depth
526,CASP004-01,,CASP004-01_B-3,,Pink,,Baseline,Standard,Top depth
527,CASP004-01,,CASP004-01_B-4,,Pink,,Baseline,Standard,Top depth
528,CASP004-01,,CASP004-01_B-5,,Pink,,Baseline,Standard,Bottom depth
529,CASP004-01,,CASP004-01_B-6,,Pink,,Baseline,Standard,Bottom depth
530,CASP004-01,,CASP004-01_C-1,,Red,,Baseline,Standard,Top depth
531,CASP004-01,,CASP004-01_C-2,,Red,,Baseline,Standard,Top depth
532,CASP004-01,,CASP004-01_C-3,,Red,,Baseline,Standard,Top depth
533,CASP004-01,,CASP004-01_C-4,,Red,,Baseline,Standard,Top depth
534,CASP004-01,,CASP004-01_C-5,,Red,,Baseline,Standard,Bottom depth
535,CASP004-01,,CASP004-01_C-6,,Red,,Baseline,Standard,Bottom depth
536,CASP004-01,,CASP004-01_A-1,,Green,,Custom,Standard,Top depth
537,CASP004-01,,CASP004-01_A-2,,Green,,Custom,Standard,Top depth
538,CASP004-01,,CASP004-01_A-3,,Green,,Custom,Standard,Top depth
539,CASP004-01,,CASP004-01_A-4,,Green,,Custom,Standard,Top depth
540,CASP004-01,,CASP004-01_A-5,,Green,,Custom,Standard,Bottom depth
541,CASP004-01,,CASP004-01_A-6,,Green,,Custom,Standard,Bottom depth
542,CASP004-01,,CASP004-01_B-1,,Pink,,Custom,Standard,Top depth
543,CASP004-01,,CASP004-01_B-2,,Pink,,Custom,Standard,Top depth
544,CASP004-01,,CASP004-01_B-3,,Pink,,Custom,Standard,Top depth
545,CASP004-01,,CASP004-01_B-4,,Pink,,Custom,Standard,Top depth
546,CASP004-01,,CASP004-01_B-5,,Pink,,Custom,Standard,Bottom depth
547,CASP004-01,,CASP004-01_B-6,,Pink,,Custom,Standard,Bottom depth
548,CASP004-01,,CASP004-01_C-1,,Red,,Custom,Standard,Top depth
549,CASP004-01,,CASP004-01_C-2,,Red,,Custom,Standard,Top depth
550,CASP004-01,,CASP004-01_C-3,,Red,,Custom,Standard,Top depth
551,CASP004-01,,CASP004-01_C-4,,Red,,Custom,Standard,Top depth
552,CASP004-01,,CASP004-01_C-5,,Red,,Custom,Standard,Bottom depth
553,CASP004-01,,CASP004-01_C-6,,Red,,Custom,Standard,Bottom depth
554,CASP004-01,,CASP004-01_A-1,,Green,,Custom,Standard,Top depth
555,CASP004-01,,CASP004-01_A-2,,Green,,Custom,Standard,Top depth
556,CASP004-01,,CASP004-01_A-3,,Green,,Custom,Standard,Top depth
557,CASP004-01,,CASP004-01_A-4,,Green,,Custom,Standard,Top depth
558,CASP004-01,,CASP004-01_A-5,,Green,,Custom,Standard,Bottom depth
559,CASP004-01,,CASP004-01_A-6,,Green,,Custom,Standard,Bottom depth
560,CASP004-01,,CASP004-01_B-1,,Pink,,Custom,Standard,Top depth
561,CASP004-01,,CASP004-01_B-2,,Pink,,Custom,Standard,Top depth
562,CASP004-01,,CASP004-01_B-3,,Pink,,Custom,Standard,Top depth
563,CASP004-01,,CASP004-01_B-4,,Pink,,Custom,Standard,Top depth
564,CASP004-01,,CASP004-01_B-5,,Pink,,Custom,Standard,Bottom depth
565,CASP004-01,,CASP004-01_B-6,,Pink,,Custom,Standard,Bottom depth
566,CASP004-01,,CASP004-01_C-1,,Red,,Custom,Standard,Top depth
567,CASP004-01,,CASP004-01_C-2,,Red,,Custom,Standard,Top depth
568,CASP004-01,,CASP004-01_C-3,,Red,,Custom,Standard,Top depth
569,CASP004-01,,CASP004-01_C-4,,Red,,Custom,Standard,Top depth
570,CASP004-01,,CASP004-01_C-5,,Red,,Custom,Standard,Bottom depth
571,CASP004-01,,CASP004-01_C-6,,Red,,Custom,Standard,Bottom depth
572,CASP004-01,,CASP004-01_A-1,,Green,,Custom,Standard,Top depth
573,CASP004-01,,CASP004-01_A-2,,Green,,Custom,Standard,Top depth
574,CASP004-01,,CASP004-01_A-3,,Green,,Custom,Standard,Top depth
575,CASP004-01,,CASP004-01_A-4,,Green,,Custom,Standard,Top depth
576,CASP004-01,,CASP004-01_A-5,,Green,,Custom,Standard,Bottom depth
577,CASP004-01,,CASP004-01_A-6,,Green,,Custom,Standard,Bottom depth
578,CASP004-01,,CASP004-01_B-1,,Pink,,Custom,Standard,Top depth
579,CASP004-01,,CASP004-01_B-2,,Pink,,Custom,Standard,Top depth
580,CASP004-01,,CASP004-01_B-3,,Pink,,Custom,Standard,Top depth
581,CASP004-01,,CASP004-01_B-4,,Pink,,Custom,Standard,Top depth
582,CASP004-01,,CASP004-01_B-5,,Pink,,Custom,Standard,Bottom depth
583,CASP004-01,,CASP004-01_B-6,,Pink,,Custom,Standard,Bottom depth
584,CASP004-01,,CASP004-01_C-1,,Red,,Custom,Standard,Top depth
585,CASP004-01,,CASP004-01_C-2,,Red,,Custom,Standard,Top depth
586,CASP004-01,,CASP004-01_C-3,,Red,,Custom,Standard,Top depth
587,CASP004-01,,CASP004-01_C-4,,Red,,Custom,Standard,Top depth
588,CASP004-01,,CASP004-01_C-5,,Red,,Custom,Standard,Bottom depth
589,CASP004-01,,CASP004-01_C-6,,Red,,Custom,Standard,Bottom depth
590,CASP004-01,,CASP004-01_A-1,,Green,,Custom,Standard,Top depth
591,CASP004-01,,CASP004-01_A-2,,Green,,Custom,Standard,Top depth
592,CASP004-01,,CASP004-01_A-3,,Green,,Custom,Standard,Top depth
593,CASP004-01,,CASP004-01_A-4,,Green,,Custom,Standard,Top depth
594,CASP004-01,,CASP004-01_A-5,,Green,,Custom,Standard,Bottom depth
595,CASP004-01,,CASP004-01_A-6,,Green,,Custom,Standard,Bottom depth
596,CASP004-01,,CASP004-01_B-1,,Pink,,Custom,Standard,Top depth
597,CASP004-01,,CASP004-01_B-2,,Pink,,Custom,Standard,Top depth
598,CASP004-01,,CASP004-01_B-3,,Pink,,Custom,Standard,Top depth
599,CASP004-01,,CASP004-01_B-4,,Pink,,Custom,Standard,Top depth
600,CASP004-01,,CASP004-01_B-5,,Pink,,Custom,Standard,Bottom depth
601,CASP004-01,,CASP004-01_B-6,,Pink,,Custom,Standard,Bottom depth
602,CASP004-01,,CASP004-01_C-1,,Red,,Custom,Standard,Top depth
603,CASP004-01,,CASP004-01_C-2,,Red,,Custom,Standard,Top depth
604,CASP004-01,,CASP004-01_C-3,,Red,,Custom,Standard,Top depth
605,CASP004-01,,CASP004-01_C-4,,Red,,Custom,Standard,Top depth
606,CASP004-01,,CASP004-01_C-5,,Red,,Custom,Standard,Bottom depth
607,CASP004-01,,CASP004-01_C-6,,Red,,Custom,Standard,Bottom depth
608,CASP004-01,,CASP004-01_A-1,,Green,,Custom,Standard,Top depth
609,CASP004-01,,CASP004-01_A-2,,Green,,Custom,Standard,Top depth
610,CASP004-01,,CASP004-01_A-3,,Green,,Custom,Standard,Top depth
611,CASP004-01,,CASP004-01_A-4,,Green,,Custom,Standard,Top depth
612,CASP004-01,,CASP004-01_A-5,,Green,,Custom,Standard,Bottom depth
613,CASP004-01,,CASP004-01_A-6,,Green,,Custom,Standard,Bottom depth
614,CASP004-01,,CASP004-01_B-1,,Pink,,Custom,Standard,Top depth
615,CASP004-01,,CASP004-01_B-2,,Pink,,Custom,Standard,Top depth
616,CASP004-01,,CASP004-01_B-3,,Pink,,Custom,Standard,Top depth
617,CASP004-01,,CASP004-01_B-4,,Pink,,Custom,Standard,Top depth
618,CASP004-01,,CASP004-01_B-5,,Pink,,Custom,Standard,Bottom depth
619,CASP004-01,,CASP004-01_B-6,,Pink,,Custom,Standard,Bottom depth
620,CASP004-01,,CASP004-01_C-1,,Red,,Custom,Standard,Top depth
621,CASP004-01,,CASP004-01_C-2,,Red,,Custom,Standard,Top depth
622,CASP004-01,,CASP004-01_C-3,,Red,,Custom,Standard,Top depth
623,CASP004-01,,CASP004-01_C-4,,Red,,Custom,Standard,Top depth
624,CASP004-01,,CASP004-01_C-5,,Red,,Custom,Standard,Bottom depth
625,CASP004-01,,CASP004-01_C-6,,Red,,Custom,Standard,Bottom depth
626,CASP004-01,,CASP004-01_A-1,,Green,,Custom,Standard,Top depth
627,CASP004-01,,CASP004-01_A-2,,Green,,Custom,Standard,Top depth
628,CASP004-01,,CASP004-01_A-3,,Green,,Custom,Standard,Top depth
629,CASP004-01,,CASP004-01_A-4,,Green,,Custom,Standard,Top depth
630,CASP004-01,,CASP004-01_A-5,,Green,,Custom,Standard,Bottom depth
631,CASP004-01,,CASP004-01_A-6,,Green,,Custom,Standard,Bottom depth
632,CASP004-01,,CASP004-01_B-1,,Pink,,Custom,Standard,Top depth
633,CASP004-01,,CASP004-01_B-2,,Pink,,Custom,Standard,Top depth
634,CASP004-01,,CASP004-01_B-3,,Pink,,Custom,Standard,Top depth
635,CASP004-01,,CASP004-01_B-4,,Pink,,Custom,Standard,Top depth
636,CASP004-01,,CASP004-01_B-5,,Pink,,Custom,Standard,Bottom depth
637,CASP004-01,,CASP004-01_B-6,,Pink,,Custom,Standard,Bottom depth
638,CASP004-01,,CASP004-01_C-1,,Red,,Custom,Standard,Top depth
639,CASP004-01,,CASP004-01_C-2,,Red,,Custom,Standard,Top depth
640,CASP004-01,,CASP004-01_C-3,,Red,,Custom,Standard,Top depth
641,CASP004-01,,CASP004-01_C-4,,Red,,Custom,Standard,Top depth
642,CASP004-01,,CASP004-01_C-5,,Red,,Custom,Standard,Bottom depth
643,CASP004-01,,CASP004-01_C-6,,Red,,Custom,Standard,Bottom depth
644,CASP004-01,,CASP004-01_A-1,,Green,,Custom,Standard,Top depth
645,CASP004-01,,CASP004-01_A-2,,Green,,Custom,Standard,Top depth
646,CASP004-01,,CASP004-01_A-3,,Green,,Custom,Standard,Top depth
647,CASP004-01,,CASP004-01_A-4,,Green,,Custom,Standard,Top depth
648,CASP004-01,,CASP004-01_A-5,,Green,,Custom,Standard,Bottom depth
649,CASP004-01,,CASP004-01_A-6,,Green,,Custom,Standard,Bottom depth
650,CASP004-01,,CASP004-01_B-1,,Pink,,Custom,Standard,Top depth
651,CASP004-01,,CASP004-01_B-2,,Pink,,Custom,Standard,Top depth
652,CASP004-01,,CASP004-01_B-3,,Pink,,Custom,Standard,Top depth
653,CASP004-01,,CASP004-01_B-4,,Pink,,Custom,Standard,Top depth
654,CASP004-01,,CASP004-01_B-5,,Pink,,Custom,Standard,Bottom depth
655,CASP004-01,,CASP004-01_B-6,,Pink,,Custom,Standard,Bottom depth
656,CASP004-01,,CASP004-01_C-1,,Red,,Custom,Standard,Top depth
657,CASP004-01,,CASP004-01_C-2,,Red,,Custom,Standard,Top depth
658,CASP004-01,,CASP004-01_C-3,,Red,,Custom,Standard,Top depth
659,CASP004-01,,CASP004-01_C-4,,Red,,Custom,Standard,Top depth
660,CASP004-01,,CASP004-01_C-5,,Red,,Custom,Standard,Bottom depth
661,CASP004-01,,CASP004-01_C-6,,Red,,Custom,Standard,Bottom depth
662,CASP004-01,,CASP004-01_A-1,,Green,,Custom,Standard,Top depth
663,CASP004-01,,CASP004-01_A-2,,Green,,Custom,Standard,Top depth
664,CASP004-01,,CASP004-01_A-3,,Green,,Custom,Standard,Top depth
665,CASP004-01,,CASP004-01_A-4,,Green,,Custom,Standard,Top depth
666,CASP004-01,,CASP004-01_A-5,,Green,,Custom,Standard,Bottom depth
667,CASP004-01,,CASP004-01_A-6,,Green,,Custom,Standard,Bottom depth
668,CASP004-01,,CASP004-01_B-1,,Pink,,Custom,Standard,Top depth
669,CASP004-01,,CASP004-01_B-2,,Pink,,Custom,Standard,Top depth
670,CASP004-01,,CASP004-01_B-3,,Pink,,Custom,Standard,Top depth
671,CASP004-01,,CASP004-01_B-4,,Pink,,Custom,Standard,Top depth
672,CASP004-01,,CASP004-01_B-5,,Pink,,Custom,Standard,Bottom depth
673,CASP004-01,,CASP004-01_B-6,,Pink,,Custom,Standard,Bottom depth
674,CASP004-01,,CASP004-01_C-1,,Red,,Custom,Standard,Top depth
675,CASP004-01,,CASP004-01_C-2,,Red,,Custom,Standard,Top depth
676,CASP004-01,,CASP004-01_C-3,,Red,,Custom,Standard,Top depth
677,CASP004-01,,CASP004-01_C-4,,Red,,Custom,Standard,Top depth
678,CASP004-01,,CASP004-01_C-5,,Red,,Custom,Standard,Bottom depth
679,CASP004-01,,CASP004-01_C-6,,Red,,Custom,Standard,Bottom depth
680,CASP004-01,,CASP004-01_A-1,,Green,,Custom,Standard,Top depth
681,CASP004-01,,CASP004-01_A-2,,Green,,Custom,Standard,Top depth
682,CASP004-01,,CASP004-01_A-3,,Green,,Custom,Standard,Top depth
683,CASP004-01,,CASP004-01_A-4,,Green,,Custom,Standard,Top depth
684,CASP004-01,,CASP004-01_A-5,,Green,,Custom,Standard,Bottom depth
685,CASP004-01,,CASP004-01_A-6,,Green,,Custom,Standard,Bottom depth
686,CASP004-01,,CASP004-01_B-1,,Pink,,Custom,Standard,Top depth
687,CASP004-01,,CASP004-01_B-2,,Pink,,Custom,Standard,Top depth
688,CASP004-01,,CASP004-01_B-3,,Pink,,Custom,Standard,Top depth
689,CASP004-01,,CASP004-01_B-4,,Pink,,Custom,Standard,Top depth
690,CASP004-01,,CASP004-01_B-5,,Pink,,Custom,Standard,Bottom depth
691,CASP004-01,,CASP004-01_B-6,,Pink,,Custom,Standard,Bottom depth
692,CASP004-01,,CASP004-01_C-1,,Red,,Custom,Standard,Top depth
693,CASP004-01,,CASP004-01_C-2,,Red,,Custom,Standard,Top depth
694,CASP004-01,,CASP004-01_C-3,,Red,,Custom,Standard,Top depth
695,CASP004-01,,CASP004-01_C-4,,Red,,Custom,Standard,Top depth
696,CASP004-01,,CASP004-01_C-5,,Red,,Custom,Standard,Bottom depth
697,CASP004-01,,CASP004-01_C-6,,Red,,Custom,Standard,Bottom depth
698,CASP004-01,,CASP004-01_A-1,,Green,,Custom,Standard,Top depth
699,CASP004-01,,CASP004-01_A-2,,Green,,Custom,Standard,Top depth
700,CASP004-01,,CASP004-01_A-3,,Green,,Custom,Standard,Top depth
701,CASP004-01,,CASP004-01_A-4,,Green,,Custom,Standard,Top depth
702,CASP004-01,,CASP004-01_A-5,,Green,,Custom,Standard,Bottom depth
703,CASP004-01,,CASP004-01_A-6,,Green,,Custom,Standard,Bottom depth
704,CASP004-01,,CASP004-01_B-1,,Pink,,Custom,Standard,Top depth
705,CASP004-01,,CASP004-01_B-2,,Pink,,Custom,Standard,Top depth
706,CASP004-01,,CASP004-01_B-3,,Pink,,Custom,Standard,Top depth
707,CASP004-01,,CASP004-01_B-4,,Pink,,Custom,Standard,Top depth
708,CASP004-01,,CASP004-01_B-5,,Pink,,Custom,Standard,Bottom depth
709,CASP004-01,,CASP004-01_B-6,,Pink,,Custom,Standard,Bottom depth
710,CASP004-01,,CASP004-01_C-1,,Red,,Custom,Standard,Top depth
711,CASP004-01,,CASP004-01_C-2,,Red,,Custom,Standard,Top depth
712,CASP004-01,,CASP004-01_C-3,,Red,,Custom,Standard,Top depth
713,CASP004-01,,CASP004-01_C-4,,Red,,Custom,Standard,Top depth
714,CASP004-01,,CASP004-01_C-5,,Red,,Custom,Standard,Bottom depth
715,CASP004-01,,CASP004-01_C-6,,Red,,Custom,Standard,Bottom depth
716,CASP004-01,,CASP004-01_A-1,,Green,,Custom,Standard,Top depth
717,CASP004-01,,CASP004-01_A-2,,Green,,Custom,Standard,Top depth
718,CASP004-01,,CASP004-01_A-3,,Green,,Custom,Standard,Top depth
719,CASP004-01,,CASP004-01_A-4,,Green,,Custom,Standard,Top depth
720,CASP004-01,,CASP004-01_A-5,,Green,,Custom,Standard,Bottom depth
721,CASP004-01,,CASP004-01_A-6,,Green,,Custom,Standard,Bottom depth
722,CASP004-01,,CASP004-01_B-1,,Pink,,Custom,Standard,Top depth
723,CASP004-01,,CASP004-01_B-2,,Pink,,Custom,Standard,Top depth
724,CASP004-01,,CASP004-01_B-3,,Pink,,Custom,Standard,Top depth
725,CASP004-01,,CASP004-01_B-4,,Pink,,Custom,Standard,Top depth
726,CASP004-01,,CASP004-01_B-5,,Pink,,Custom,Standard,Bottom depth
727,CASP004-01,,CASP004-01_B-6,,Pink,,Custom,Standard,Bottom depth
728,CASP004-01,,CASP004-01_C-1,,Red,,Custom,Standard,Top depth
729,CASP004-01,,CASP004-01_C-2,,Red,,Custom,Standard,Top depth
730,CASP004-01,,CASP004-01_C-3,,Red,,Custom,Standard,Top depth
731,CASP004-01,,CASP004-01_C-4,,Red,,Custom,Standard,Top depth
732,CASP004-01,,CASP004-01_C-5,,Red,,Custom,Standard,Bottom depth
733,CASP004-01,,CASP004-01_C-6,,Red,,Custom,Standard,Bottom depth
734,CASP004-01,,CASP004-01_A-1,,Green,,Custom,Standard,Top depth
735,CASP004-01,,CASP004-01_A-2,,Green,,Custom,Standard,Top depth
736,CASP004-01,,CASP004-01_A-3,,Green,,Custom,Standard,Top depth
737,CASP004-01,,CASP004-01_A-4,,Green,,Custom,Standard,Top depth
738,CASP004-01,,CASP004-01_A-5,,Green,,Custom,Standard,Bottom depth
739,CASP004-01,,CASP004-01_A-6,,Green,,Custom,Standard,Bottom depth
740,CASP004-01,,CASP004-01_B-1,,Pink,,Custom,Standard,Top depth
741,CASP004-01,,CASP004-01_B-2,,Pink,,Custom,Standard,Top depth
742,CASP004-01,,CASP004-01_B-3,,Pink,,Custom,Standard,Top depth
743,CASP004-01,,CASP004-01_B-4,,Pink,,Custom,Standard,Top depth
744,CASP004-01,,CASP004-01_B-5,,Pink,,Custom,Standard,Bottom depth
745,CASP004-01,,CASP004-01_B-6,,Pink,,Custom,Standard,Bottom depth
746,CASP004-01,,CASP004-01_C-1,,Red,,Custom,Standard,Top depth
747,CASP004-01,,CASP004-01_C-2,,Red,,Custom,Standard,Top depth
748,CASP004-01,,CASP004-01_C-3,,Red,,Custom,Standard,Top depth
749,CASP004-01,,CASP004-01_C-4,,Red,,Custom,Standard,Top depth
750,CASP004-01,,CASP004-01_C-5,,Red,,Custom,Standard,Bottom depth
751,CASP004-01,,CASP004-01_C-6,,Red,,Custom,Standard,Bottom depth
752,CASP004-01,,CASP004-01_C-1,,Red,,Custom,Standard,Top depth
753,CASP004-01,,CASP004-01_C-2,,Red,,Custom,Standard,Top depth
754,CASP004-01,,CASP004-01_C-3,,Red,,Custom,Standard,Top depth
755,CASP004-01,,CASP004-01_C-4,,Red,,Custom,Standard,Top depth
756,CASP004-01,,CASP004-01_C-5,,Red,,Custom,Standard,Bottom depth
757,CASP004-01,,CASP004-01_C-6,,Red,,Custom,Standard,Bottom depth
758,CASP004-01,,CASP004-01_C-1,,Red,,Custom,Standard,Top depth
759,CASP004-01,,CASP004-01_C-2,,Red,,Custom,Standard,Top depth
760,CASP004-01,,CASP004-01_C-3,,Red,,Custom,Standard,Top depth
761,CASP004-01,,CASP004-01_C-4,,Red,,Custom,Standard,Top depth
762,CASP004-01,,CASP004-01_C-5,,Red,,Custom,Standard,Bottom depth
763,CASP004-01,,CASP004-01_C-6,,Red,,Custom,Standard,Bottom depth
764,CASP004-01,,CASP004-01_C-1,,Red,,Custom,Standard,Top depth
765,CASP004-01,,CASP004-01_C-2,,Red,,Custom,Standard,Top depth
766,CASP004-01,,CASP004-01_C-3,,Red,,Custom,Standard,Top depth
767,CASP004-01,,CASP004-01_C-4,,Red,,Custom,Standard,Top depth
768,CASP004-01,,CASP004-01_C-5,,Red,,Custom,Standard,Bottom depth
769,CASP004-01,,CASP004-01_C-6,,Red,,Custom,Standard,Bottom depth
770,CASP004-01,,CASP004-01_C-1,,Red,,Custom,Standard,Top depth
771,CASP004-01,,CASP004-01_C-2,,Red,,Custom,Standard,Top depth
772,CASP004-01,,CASP004-01_C-3,,Red,,Custom,Standard,Top depth
773,CASP004-01,,CASP004-01_C-4,,Red,,Custom,Standard,Top depth
774,CASP004-01,,CASP004-01_C-5,,Red,,Custom,Standard,Bottom depth
775,CASP004-01,,CASP004-01_C-6,,Red,,Custom,Standard,Bottom depth
776,CASP004-01,,CASP004-01_C-1,,Red,,Custom,Standard,Top depth
777,CASP004-01,,CASP004-01_C-2,,Red,,Custom,Standard,Top depth
778,CASP004-01,,CASP004-01_C-3,,Red,,Custom,Standard,Top depth
779,CASP004-01,,CASP004-01_C-4,,Red,,Custom,Standard,Top depth
780,CASP004-01,,CASP004-01_C-5,,Red,,Custom,Standard,Bottom depth
781,CASP004-01,,CASP004-01_C-6,,Red,,Custom,Standard,Bottom depth
782,CASP004-01,,CASP004-01_C-1,,Red,,Custom,Standard,Top depth
783,CASP004-01,,CASP004-01_C-2,,Red,,Custom,Standard,Top depth
784,CASP004-01,,CASP004-01_C-3,,Red,,Custom,Standard,Top depth
785,CASP004-01,,CASP004-01_C-4,,Red,,Custom,Standard,Top depth
786,CASP004-01,,CASP004-01_C-5,,Red,,Custom,Standard,Bottom depth
787,CASP004-01,,CASP004-01_C-6,,Red,,Custom,Standard,Bottom depth
788,CASP004-01,,CASP004-01_C-1,,Red,,Custom,Standard,Top depth
789,CASP004-01,,CASP004-01_C-2,,Red,,Custom,Standard,Top depth
790,CASP004-01,,CASP004-01_C-3,,Red,,Custom,Standard,Top depth
791,CASP004-01,,CASP004-01_C-4,,Red,,Custom,Standard,Top depth
792,CASP004-01,,CASP004-01_C-5,,Red,,Custom,Standard,Bottom depth
793,CASP004-01,,CASP004-01_C-6,,Red,,Custom,Standard,Bottom depth
794,CASP004-01,,CASP004-01_C-1,,Red,,Custom,Standard,Top depth
795,CASP004-01,,CASP004-01_C-2,,Red,,Custom,Standard,Top depth
796,CASP004-01,,CASP004-01_C-3,,Red,,Custom,Standard,Top depth
797,CASP004-01,,CASP004-01_C-4,,Red,,Custom,Standard,Top depth
798,CASP004-01,,CASP004-01_C-5,,Red,,Custom,Standard,Bottom depth
799,CASP004-01,,CASP004-01_C-6,,Red,,Custom,Standard,Bottom depth
800,CASP004-01,,CASP004-01_C-1,,Red,,Custom,Standard,Top depth
801,CASP004-01,,CASP004-01_C-2,,Red,,Custom,Standard,Top depth
802,CASP004-01,,CASP004-01_C-3,,Red,,Custom,Standard,Top depth
803,CASP004-01,,CASP004-01_C-4,,Red,,Custom,Standard,Top depth
804,CASP004-01,,CASP004-01_C-5,,Red,,Custom,Standard,Bottom depth
805,CASP004-01,,CASP004-01_C-6,,Red,,Custom,Standard,Bottom depth
806,CASP004-01,,CASP004-01_C-1,,Red,,Custom,Standard,Top depth
807,CASP004-01,,CASP004-01_C-2,,Red,,Custom,Standard,Top depth
808,CASP004-01,,CASP004-01_C-3,,Red,,Custom,Standard,Top depth
809,CASP004-01,,CASP004-01_C-4,,Red,,Custom,Standard,Top depth
810,CASP004-01,,CASP004-01_C-5,,Red,,Custom,Standard,Bottom depth
811,CASP004-01,,CASP004-01_C-6,,Red,,Custom,Standard,Bottom depth
812,CASP004-01,,CASP004-01_C-1,,Red,,Custom,Standard,Top depth
813,CASP004-01,,CASP004-01_C-2,,Red,,Custom,Standard,Top depth
814,CASP004-01,,CASP004-01_C-3,,Red,,Custom,Standard,Top depth
815,CASP004-01,,CASP004-01_C-4,,Red,,Custom,Standard,Top depth
816,CASP004-01,,CASP004-01_C-5,,Red,,Custom,Standard,Bottom depth
817,CASP004-01,,CASP004-01_C-6,,Red,,Custom,Standard,Bottom depth
818,CASP004-01,,CASP004-01_C-1,,Red,,Custom,Standard,Top depth
819,CASP004-01,,CASP004-01_C-2,,Red,,Custom,Standard,Top depth
820,CASP004-01,,CASP004-01_C-3,,Red,,Custom,Standard,Top depth
821,CASP004-01,,CASP004-01_C-4,,Red,,Custom,Standard,Top depth
822,CASP004-01,,CASP004-01_C-5,,Red,,Custom,Standard,Bottom depth
823,CASP004-01,,CASP004-01_C-6,,Red,,Custom,Standard,Bottom depth
824,CASP004-01,,CASP004-01_A-1,,Green,,Baseline,Standard,Top depth
825,CASP004-01,,CASP004-01_A-2,,Green,,Baseline,Standard,Top depth
826,CASP004-01,,CASP004-01_A-3,,Green,,Baseline,Standard,Top depth
827,CASP004-01,,CASP004-01_A-4,,Green,,Baseline,Standard,Top depth
828,CASP004-01,,CASP004-01_A-5,,Green,,Baseline,Standard,Bottom depth
829,CASP004-01,,CASP004-01_A-6,,Green,,Baseline,Standard,Bottom depth
830,CASP004-01,,CASP004-01_A-1,,Green,,Baseline,Standard,Top depth
831,CASP004-01,,CASP004-01_A-2,,Green,,Baseline,Standard,Top depth
832,CASP004-01,,CASP004-01_A-3,,Green,,Baseline,Standard,Top depth
833,CASP004-01,,CASP004-01_A-4,,Green,,Baseline,Standard,Top depth
834,CASP004-01,,CASP004-01_A-5,,Green,,Baseline,Standard,Bottom depth
835,CASP004-01,,CASP004-01_A-6,,Green,,Baseline,Standard,Bottom depth
836,CASP004-01,,CASP004-01_A-1,,Green,,Baseline,Standard,Top depth
837,CASP004-01,,CASP004-01_A-2,,Green,,Baseline,Standard,Top depth
838,CASP004-01,,CASP004-01_A-3,,Green,,Baseline,Standard,Top depth
839,CASP004-01,,CASP004-01_A-4,,Green,,Baseline,Standard,Top depth
840,CASP004-01,,CASP004-01_A-5,,Green,,Baseline,Standard,Bottom depth
841,CASP004-01,,CASP004-01_A-6,,Green,,Baseline,Standard,Bottom depth
842,CASP004-01,,CASP004-01_A-1,,Green,,Baseline,Standard,Top depth
843,CASP004-01,,CASP004-01_A-2,,Green,,Baseline,Standard,Top depth
844,CASP004-01,,CASP004-01_A-3,,Green,,Baseline,Standard,Top depth
845,CASP004-01,,CASP004-01_A-4,,Green,,Baseline,Standard,Top depth
846,CASP004-01,,CASP004-01_A-5,,Green,,Baseline,Standard,Bottom depth
847,CASP004-01,,CASP004-01_A-6,,Green,,Baseline,Standard,Bottom depth
848,CASP004-01,,CASP004-01_A-1,,Green,,Baseline,Standard,Top depth
849,CASP004-01,,CASP004-01_A-2,,Green,,Baseline,Standard,Top depth
850,CASP004-01,,CASP004-01_A-3,,Green,,Baseline,Standard,Top depth
851,CASP004-01,,CASP004-01_A-4,,Green,,Baseline,Standard,Top depth
852,CASP004-01,,CASP004-01_A-5,,Green,,Baseline,Standard,Bottom depth
853,CASP004-01,,CASP004-01_A-6,,Green,,Baseline,Standard,Bottom depth
854,CASP004-01,,CASP004-01_A-1,,Green,,Baseline,Standard,Top depth
855,CASP004-01,,CASP004-01_A-2,,Green,,Baseline,Standard,Top depth
856,CASP004-01,,CASP004-01_A-3,,Green,,Baseline,Standard,Top depth
857,CASP004-01,,CASP004-01_A-4,,Green,,Baseline,Standard,Top depth
858,CASP004-01,,CASP004-01_A-5,,Green,,Baseline,Standard,Bottom depth
859,CASP004-01,,CASP004-01_A-6,,Green,,Baseline,Standard,Bottom depth
860,CASP004-01,,CASP004-01_B-1,,Pink,,Custom,Standard,Top depth
861,CASP004-01,,CASP004-01_B-2,,Pink,,Custom,Standard,Top depth
862,CASP004-01,,CASP004-01_B-3,,Pink,,Custom,Standard,Top depth
863,CASP004-01,,CASP004-01_B-4,,Pink,,Custom,Standard,Top depth
864,CASP004-01,,CASP004-01_B-5,,Pink,,Custom,Standard,Bottom depth
865,CASP004-01,,CASP004-01_B-6,,Pink,,Custom,Standard,Bottom depth
866,CASP004-01,,CASP004-01_B-1,,Pink,,Custom,Standard,Top depth
867,CASP004-01,,CASP004-01_B-2,,Pink,,Custom,Standard,Top depth
868,CASP004-01,,CASP004-01_B-3,,Pink,,Custom,Standard,Top depth
869,CASP004-01,,CASP004-01_B-4,,Pink,,Custom,Standard,Top depth
870,CASP004-01,,CASP004-01_B-5,,Pink,,Custom,Standard,Bottom depth
871,CASP004-01,,CASP004-01_B-6,,Pink,,Custom,Standard,Bottom depth
872,CASP004-01,,CASP004-01_B-1,,Pink,,Custom,Standard,Top depth
873,CASP004-01,,CASP004-01_B-2,,Pink,,Custom,Standard,Top depth
874,CASP004-01,,CASP004-01_B-3,,Pink,,Custom,Standard,Top depth
875,CASP004-01,,CASP004-01_B-4,,Pink,,Custom,Standard,Top depth
876,CASP004-01,,CASP004-01_B-5,,Pink,,Custom,Standard,Bottom depth
877,CASP004-01,,CASP004-01_B-6,,Pink,,Custom,Standard,Bottom depth
878,CASP004-01,,CASP004-01_B-1,,Pink,,Custom,Standard,Top depth
879,CASP004-01,,CASP004-01_B-2,,Pink,,Custom,Standard,Top depth
880,CASP004-01,,CASP004-01_B-3,,Pink,,Custom,Standard,Top depth
881,CASP004-01,,CASP004-01_B-4,,Pink,,Custom,Standard,Top depth
882,CASP004-01,,CASP004-01_B-5,,Pink,,Custom,Standard,Bottom depth
883,CASP004-01,,CASP004-01_B-6,,Pink,,Custom,Standard,Bottom depth
884,CASP004-01,,CASP004-01_B-1,,Pink,,Custom,Standard,Top depth
885,CASP004-01,,CASP004-01_B-2,,Pink,,Custom,Standard,Top depth
886,CASP004-01,,CASP004-01_B-3,,Pink,,Custom,Standard,Top depth
887,CASP004-01,,CASP004-01_B-4,,Pink,,Custom,Standard,Top depth
888,CASP004-01,,CASP004-01_B-5,,Pink,,Custom,Standard,Bottom depth
889,CASP004-01,,CASP004-01_B-6,,Pink,,Custom,Standard,Bottom depth
890,CASP004-01,,CASP004-01_B-1,,Pink,,Custom,Standard,Top depth
891,CASP004-01,,CASP004-01_B-2,,Pink,,Custom,Standard,Top depth
892,CASP004-01,,CASP004-01_B-3,,Pink,,Custom,Standard,Top depth
893,CASP004-01,,CASP004-01_B-4,,Pink,,Custom,Standard,Top depth
894,CASP004-01,,CASP004-01_B-5,,Pink,,Custom,Standard,Bottom depth
895,CASP004-01,,CASP004-01_B-6,,Pink,,Custom,Standard,Bottom depth
896,CASP004-01,,CASP004-01_A-1,,Green,,Baseline,Standard,Top depth
897,CASP004-01,,CASP004-01_A-2,,Green,,Baseline,Standard,Top depth
898,CASP004-01,,CASP004-01_A-3,,Green,,Baseline,Standard,Top depth
899,CASP004-01,,CASP004-01_A-4,,Green,,Baseline,Standard,Top depth
900,CASP004-01,,CASP004-01_A-5,,Green,,Baseline,Standard,Bottom depth
901,CASP004-01,,CASP004-01_A-6,,Green,,Baseline,Standard,Bottom depth
902,CASP004-01,,CASP004-01_A-1,,Green,,Baseline,Standard,Top depth
903,CASP004-01,,CASP004-01_A-2,,Green,,Baseline,Standard,Top depth
904,CASP004-01,,CASP004-01_A-3,,Green,,Baseline,Standard,Top depth
905,CASP004-01,,CASP004-01_A-4,,Green,,Baseline,Standard,Top depth
906,CASP004-01,,CASP004-01_A-5,,Green,,Baseline,Standard,Bottom depth
907,CASP004-01,,CASP004-01_A-6,,Green,,Baseline,Standard,Bottom depth
908,CASP004-01,,CASP004-01_A-1,,Green,,Baseline,Standard,Top depth
909,CASP004-01,,CASP004-01_A-2,,Green,,Baseline,Standard,Top depth
910,CASP004-01,,CASP004-01_A-3,,Green,,Baseline,Standard,Top depth
911,CASP004-01,,CASP004-01_A-4,,Green,,Baseline,Standard,Top depth
912,CASP004-01,,CASP004-01_A-5,,Green,,Baseline,Standard,Bottom depth
913,CASP004-01,,CASP004-01_A-6,,Green,,Baseline,Standard,Bottom depth
914,CASP004-01,,CASP004-01_A-1,,Green,,Baseline,Standard,Top depth
915,CASP004-01,,CASP004-01_A-2,,Green,,Baseline,Standard,Top depth
916,CASP004-01,,CASP004-01_A-3,,Green,,Baseline,Standard,Top depth
917,CASP004-01,,CASP004-01_A-4,,Green,,Baseline,Standard,Top depth
918,CASP004-01,,CASP004-01_A-5,,Green,,Baseline,Standard,Bottom depth
919,CASP004-01,,CASP004-01_A-6,,Green,,Baseline,Standard,Bottom depth
920,CASP004-01,,CASP004-01_A-1,,Green,,Baseline,Standard,Top depth
921,CASP004-01,,CASP004-01_A-2,,Green,,Baseline,Standard,Top depth
922,CASP004-01,,CASP004-01_A-3,,Green,,Baseline,Standard,Top depth
923,CASP004-01,,CASP004-01_A-4,,Green,,Baseline,Standard,Top depth
924,CASP004-01,,CASP004-01_A-5,,Green,,Baseline,Standard,Bottom depth
925,CASP004-01,,CASP004-01_A-6,,Green,,Baseline,Standard,Bottom depth
926,CASP004-01,,CASP004-01_A-1,,Green,,Baseline,Standard,Top depth
927,CASP004-01,,CASP004-01_A-2,,Green,,Baseline,Standard,Top depth
928,CASP004-01,,CASP004-01_A-3,,Green,,Baseline,Standard,Top depth
929,CASP004-01,,CASP004-01_A-4,,Green,,Baseline,Standard,Top depth
930,CASP004-01,,CASP004-01_A-5,,Green,,Baseline,Standard,Bottom depth
931,CASP004-01,,CASP004-01_A-6,,Green,,Baseline,Standard,Bottom depth
932,CASP004-01,,CASP004-01_C-1,,Red,,Custom,Standard,Top depth
933,CASP004-01,,CASP004-01_C-2,,Red,,Custom,Standard,Top depth
934,CASP004-01,,CASP004-01_C-3,,Red,,Custom,Standard,Top depth
935,CASP004-01,,CASP004-01_C-4,,Red,,Custom,Standard,Top depth
936,CASP004-01,,CASP004-01_C-5,,Red,,Custom,Standard,Bottom depth
937,CASP004-01,,CASP004-01_C-6,,Red,,Custom,Standard,Bottom depth
938,CASP004-01,,CASP004-01_C-1,,Red,,Custom,Standard,Top depth
939,CASP004-01,,CASP004-01_C-2,,Red,,Custom,Standard,Top depth
940,CASP004-01,,CASP004-01_C-3,,Red,,Custom,Standard,Top depth
941,CASP004-01,,CASP004-01_C-4,,Red,,Custom,Standard,Top depth
942,CASP004-01,,CASP004-01_C-5,,Red,,Custom,Standard,Bottom depth
943,CASP004-01,,CASP004-01_C-6,,Red,,Custom,Standard,Bottom depth
944,CASP004-01,,CASP004-01_C-1,,Red,,Custom,Standard,Top depth
945,CASP004-01,,CASP004-01_C-2,,Red,,Custom,Standard,Top depth
946,CASP004-01,,CASP004-01_C-3,,Red,,Custom,Standard,Top depth
947,CASP004-01,,CASP004-01_C-4,,Red,,Custom,Standard,Top depth
948,CASP004-01,,CASP004-01_C-5,,Red,,Custom,Standard,Bottom depth
949,CASP004-01,,CASP004-01_C-6,,Red,,Custom,Standard,Bottom depth
950,CASP004-01,,CASP004-01_C-1,,Red,,Custom,Standard,Top depth
951,CASP004-01,,CASP004-01_C-2,,Red,,Custom,Standard,Top depth
952,CASP004-01,,CASP004-01_C-3,,Red,,Custom,Standard,Top depth
953,CASP004-01,,CASP004-01_C-4,,Red,,Custom,Standard,Top depth
954,CASP004-01,,CASP004-01_C-5,,Red,,Custom,Standard,Bottom depth
955,CASP004-01,,CASP004-01_C-6,,Red,,Custom,Standard,Bottom depth
956,CASP004-01,,CASP004-01_C-1,,Red,,Custom,Standard,Top depth
957,CASP004-01,,CASP004-01_C-2,,Red,,Custom,Standard,Top depth
958,CASP004-01,,CASP004-01_C-3,,Red,,Custom,Standard,Top depth
959,CASP004-01,,CASP004-01_C-4,,Red,,Custom,Standard,Top depth
960,CASP004-01,,CASP004-01_C-5,,Red,,Custom,Standard,Bottom depth
961,CASP004-01,,CASP004-01_C-6,,Red,,Custom,Standard,Bottom depth
962,CASP004-01,,CASP004-01_C-1,,Red,,Custom,Standard,Top depth
963,CASP004-01,,CASP004-01_C-2,,Red,,Custom,Standard,Top depth
964,CASP004-01,,CASP004-01_C-3,,Red,,Custom,Standard,Top depth
965,CASP004-01,,CASP004-01_C-4,,Red,,Custom,Standard,Top depth
966,CASP004-01,,CASP004-01_C-5,,Red,,Custom,Standard,Bottom depth
967,CASP004-01,,CASP004-01_C-6,,Red,,Custom,Standard,Bottom depth
968,CASP004-01,,CASP004-01_C-1,,Red,,Custom,Standard,Top depth
969,CASP004-01,,CASP004-01_C-2,,Red,,Custom,Standard,Top depth
970,CASP004-01,,CASP004-01_C-3,,Red,,Custom,Standard,Top depth
971,CASP004-01,,CASP004-01_C-4,,Red,,Custom,Standard,Top depth
972,CASP004-01,,CASP004-01_C-5,,Red,,Custom,Standard,Bottom depth
973,CASP004-01,,CASP004-01_C-6,,Red,,Custom,Standard,Bottom depth
974,CASP004-01,,CASP004-01_C-1,,Red,,Custom,Standard,Top depth
975,CASP004-01,,CASP004-01_C-2,,Red,,Custom,Standard,Top depth
976,CASP004-01,,CASP004-01_C-3,,Red,,Custom,Standard,Top depth
977,CASP004-01,,CASP004-01_C-4,,Red,,Custom,Standard,Top depth
978,CASP004-01,,CASP004-01_C-5,,Red,,Custom,Standard,Bottom depth
979,CASP004-01,,CASP004-01_C-6,,Red,,Custom,Standard,Bottom depth
980,CASP004-01,,CASP004-01_C-1,,Red,,Custom,Standard,Top depth
981,CASP004-01,,CASP004-01_C-2,,Red,,Custom,Standard,Top depth
982,CASP004-01,,CASP004-01_C-3,,Red,,Custom,Standard,Top depth
983,CASP004-01,,CASP004-01_C-4,,Red,,Custom,Standard,Top depth
984,CASP004-01,,CASP004-01_C-5,,Red,,Custom,Standard,Bottom depth
985,CASP004-01,,CASP004-01_C-6,,Red,,Custom,Standard,Bottom depth
986,CASP004-01,,CASP004-01_C-1,,Red,,Custom,Standard,Top depth
987,CASP004-01,,CASP004-01_C-2,,Red,,Custom,Standard,Top depth
988,CASP004-01,,CASP004-01_C-3,,Red,,Custom,Standard,Top depth
989,CASP004-01,,CASP004-01_C-4,,Red,,Custom,Standard,Top depth
990,CASP004-01,,CASP004-01_C-5,,Red,,Custom,Standard,Bottom depth
991,CASP004-01,,CASP004-01_C-6,,Red,,Custom,Standard,Bottom depth
992,CASP004-01,,CASP004-01_C-1,,Red,,Custom,Standard,Top depth
993,CASP004-01,,CASP004-01_C-2,,Red,,Custom,Standard,Top depth
994,CASP004-01,,CASP004-01_C-3,,Red,,Custom,Standard,Top depth
995,CASP004-01,,CASP004-01_C-4,,Red,,Custom,Standard,Top depth
996,CASP004-01,,CASP004-01_C-5,,Red,,Custom,Standard,Bottom depth
997,CASP004-01,,CASP004-01_C-6,,Red,,Custom,Standard,Bottom depth
998,CASP004-01,,CASP004-01_C-1,,Red,,Custom,Standard,Top depth
999,CASP004-01,,CASP004-01_C-2,,Red,,Custom,Standard,Top depth
1000,CASP004-01,,CASP004-01_C-3,,Red,,Custom,Standard,Top depth
1001,CASP004-01,,CASP004-01_C-4,,Red,,Custom,Standard,Top depth
1002,CASP004-01,,CASP004-01_C-5,,Red,,Custom,Standard,Bottom depth
1003,CASP004-01,,CASP004-01_C-6,,Red,,Custom,Standard,Bottom depth
1004,CASP004-01,,CASP004-01_B-1,,Pink,,Custom,Standard,Top depth
1005,CASP004-01,,CASP004-01_B-2,,Pink,,Custom,Standard,Top depth
1006,CASP004-01,,CASP004-01_B-3,,Pink,,Custom,Standard,Top depth
1007,CASP004-01,,CASP004-01_B-4,,Pink,,Custom,Standard,Top depth
1008,CASP004-01,,CASP004-01_B-5,,Pink,,Custom,Standard,Bottom depth
1009,CASP004-01,,CASP004-01_B-6,,Pink,,Custom,Standard,Bottom depth
1010,CASP004-01,,CASP004-01_B-1,,Pink,,Custom,Standard,Top depth
1011,CASP004-01,,CASP004-01_B-2,,Pink,,Custom,Standard,Top depth
1012,CASP004-01,,CASP004-01_B-3,,Pink,,Custom,Standard,Top depth
1013,CASP004-01,,CASP004-01_B-4,,Pink,,Custom,Standard,Top depth
1014,CASP004-01,,CASP004-01_B-5,,Pink,,Custom,Standard,Bottom depth
1015,CASP004-01,,CASP004-01_B-6,,Pink,,Custom,Standard,Bottom depth
1016,CASP004-01,,CASP004-01_B-1,,Pink,,Custom,Standard,Top depth
1017,CASP004-01,,CASP004-01_B-2,,Pink,,Custom,Standard,Top depth
1018,CASP004-01,,CASP004-01_B-3,,Pink,,Custom,Standard,Top depth
1019,CASP004-01,,CASP004-01_B-4,,Pink,,Custom,Standard,Top depth
1020,CASP004-01,,CASP004-01_B-5,,Pink,,Custom,Standard,Bottom depth
1021,CASP004-01,,CASP004-01_B-6,,Pink,,Custom,Standard,Bottom depth
1022,CASP004-01,,CASP004-01_B-1,,Pink,,Custom,Standard,Top depth
1023,CASP004-01,,CASP004-01_B-2,,Pink,,Custom,Standard,Top depth
1024,CASP004-01,,CASP004-01_B-3,,Pink,,Custom,Standard,Top depth
1025,CASP004-01,,CASP004-01_B-4,,Pink,,Custom,Standard,Top depth
1026,CASP004-01,,CASP004-01_B-5,,Pink,,Custom,Standard,Bottom depth
1027,CASP004-01,,CASP004-01_B-6,,Pink,,Custom,Standard,Bottom depth
1028,CASP004-01,,CASP004-01_B-1,,Pink,,Custom,Standard,Top depth
1029,CASP004-01,,CASP004-01_B-2,,Pink,,Custom,Standard,Top depth
1030,CASP004-01,,CASP004-01_B-3,,Pink,,Custom,Standard,Top depth
1031,CASP004-01,,CASP004-01_B-4,,Pink,,Custom,Standard,Top depth
1032,CASP004-01,,CASP004-01_B-5,,Pink,,Custom,Standard,Bottom depth
1033,CASP004-01,,CASP004-01_B-6,,Pink,,Custom,Standard,Bottom depth
1034,CASP004-01,,CASP004-01_B-1,,Pink,,Custom,Standard,Top depth
1035,CASP004-01,,CASP004-01_B-2,,Pink,,Custom,Standard,Top depth
1036,CASP004-01,,CASP004-01_B-3,,Pink,,Custom,Standard,Top depth
1037,CASP004-01,,CASP004-01_B-4,,Pink,,Custom,Standard,Top depth
1038,CASP004-01,,CASP004-01_B-5,,Pink,,Custom,Standard,Bottom depth
1039,CASP004-01,,CASP004-01_B-6,,Pink,,Custom,Standard,Bottom depth
1040,CASP004-01,,CASP004-01_A-1,,Green,,Baseline,Standard,Top depth
1041,CASP004-01,,CASP004-01_A-2,,Green,,Baseline,Standard,Top depth
1042,CASP004-01,,CASP004-01_A-3,,Green,,Baseline,Standard,Top depth
1043,CASP004-01,,CASP004-01_A-4,,Green,,Baseline,Standard,Top depth
1044,CASP004-01,,CASP004-01_A-5,,Green,,Baseline,Standard,Bottom depth
1045,CASP004-01,,CASP004-01_A-6,,Green,,Baseline,Standard,Bottom depth
1046,CASP004-01,,CASP004-01_A-1,,Green,,Baseline,Standard,Top depth
1047,CASP004-01,,CASP004-01_A-2,,Green,,Baseline,Standard,Top depth
1048,CASP004-01,,CASP004-01_A-3,,Green,,Baseline,Standard,Top depth
1049,CASP004-01,,CASP004-01_A-4,,Green,,Baseline,Standard,Top depth
1050,CASP004-01,,CASP004-01_A-5,,Green,,Baseline,Standard,Bottom depth
1051,CASP004-01,,CASP004-01_A-6,,Green,,Baseline,Standard,Bottom depth
1052,CASP004-01,,CASP004-01_A-1,,Green,,Baseline,Standard,Top depth
1053,CASP004-01,,CASP004-01_A-2,,Green,,Baseline,Standard,Top depth
1054,CASP004-01,,CASP004-01_A-3,,Green,,Baseline,Standard,Top depth
1055,CASP004-01,,CASP004-01_A-4,,Green,,Baseline,Standard,Top depth
1056,CASP004-01,,CASP004-01_A-5,,Green,,Baseline,Standard,Bottom depth
1057,CASP004-01,,CASP004-01_A-6,,Green,,Baseline,Standard,Bottom depth
1058,CASP004-01,,CASP004-01_A-1,,Green,,Baseline,Standard,Top depth
1059,CASP004-01,,CASP004-01_A-2,,Green,,Baseline,Standard,Top depth
1060,CASP004-01,,CASP004-01_A-3,,Green,,Baseline,Standard,Top depth
1061,CASP004-01,,CASP004-01_A-4,,Green,,Baseline,Standard,Top depth
1062,CASP004-01,,CASP004-01_A-5,,Green,,Baseline,Standard,Bottom depth
1063,CASP004-01,,CASP004-01_A-6,,Green,,Baseline,Standard,Bottom depth
1064,CASP004-01,,CASP004-01_A-1,,Green,,Baseline,Standard,Top depth
1065,CASP004-01,,CASP004-01_A-2,,Green,,Baseline,Standard,Top depth
1066,CASP004-01,,CASP004-01_A-3,,Green,,Baseline,Standard,Top depth
1067,CASP004-01,,CASP004-01_A-4,,Green,,Baseline,Standard,Top depth
1068,CASP004-01,,CASP004-01_A-5,,Green,,Baseline,Standard,Bottom depth
1069,CASP004-01,,CASP004-01_A-6,,Green,,Baseline,Standard,Bottom depth
1070,CASP004-01,,CASP004-01_A-1,,Green,,Baseline,Standard,Top depth
1071,CASP004-01,,CASP004-01_A-2,,Green,,Baseline,Standard,Top depth
1072,CASP004-01,,CASP004-01_A-3,,Green,,Baseline,Standard,Top depth
1073,CASP004-01,,CASP004-01_A-4,,Green,,Baseline,Standard,Top depth
1074,CASP004-01,,CASP004-01_A-5,,Green,,Baseline,Standard,Bottom depth
1075,CASP004-01,,CASP004-01_A-6,,Green,,Baseline,Standard,Bottom depth
1076,CASP004-01,,CASP004-01_B-1,,Pink,,Custom,Standard,Top depth
1077,CASP004-01,,CASP004-01_B-2,,Pink,,Custom,Standard,Top depth
1078,CASP004-01,,CASP004-01_B-3,,Pink,,Custom,Standard,Top depth
1079,CASP004-01,,CASP004-01_B-4,,Pink,,Custom,Standard,Top depth
1080,CASP004-01,,CASP004-01_B-5,,Pink,,Custom,Standard,Bottom depth
1081,CASP004-01,,CASP004-01_B-6,,Pink,,Custom,Standard,Bottom depth
1082,CASP004-01,,CASP004-01_B-1,,Pink,,Custom,Standard,Top depth
1083,CASP004-01,,CASP004-01_B-2,,Pink,,Custom,Standard,Top depth
1084,CASP004-01,,CASP004-01_B-3,,Pink,,Custom,Standard,Top depth
1085,CASP004-01,,CASP004-01_B-4,,Pink,,Custom,Standard,Top depth
1086,CASP004-01,,CASP004-01_B-5,,Pink,,Custom,Standard,Bottom depth
1087,CASP004-01,,CASP004-01_B-6,,Pink,,Custom,Standard,Bottom depth
1088,CASP004-01,,CASP004-01_B-1,,Pink,,Custom,Standard,Top depth
1089,CASP004-01,,CASP004-01_B-2,,Pink,,Custom,Standard,Top depth
1090,CASP004-01,,CASP004-01_B-3,,Pink,,Custom,Standard,Top depth
1091,CASP004-01,,CASP004-01_B-4,,Pink,,Custom,Standard,Top depth
1092,CASP004-01,,CASP004-01_B-5,,Pink,,Custom,Standard,Bottom depth
1093,CASP004-01,,CASP004-01_B-6,,Pink,,Custom,Standard,Bottom depth
1094,CASP004-01,,CASP004-01_B-1,,Pink,,Custom,Standard,Top depth
1095,CASP004-01,,CASP004-01_B-2,,Pink,,Custom,Standard,Top depth
1096,CASP004-01,,CASP004-01_B-3,,Pink,,Custom,Standard,Top depth
1097,CASP004-01,,CASP004-01_B-4,,Pink,,Custom,Standard,Top depth
1098,CASP004-01,,CASP004-01_B-5,,Pink,,Custom,Standard,Bottom depth
1099,CASP004-01,,CASP004-01_B-6,,Pink,,Custom,Standard,Bottom depth
1100,CASP004-01,,CASP004-01_B-1,,Pink,,Custom,Standard,Top depth
1101,CASP004-01,,CASP004-01_B-2,,Pink,,Custom,Standard,Top depth
1102,CASP004-01,,CASP004-01_B-3,,Pink,,Custom,Standard,Top depth
1103,CASP004-01,,CASP004-01_B-4,,Pink,,Custom,Standard,Top depth
1104,CASP004-01,,CASP004-01_B-5,,Pink,,Custom,Standard,Bottom depth
1105,CASP004-01,,CASP004-01_B-6,,Pink,,Custom,Standard,Bottom depth
1106,CASP004-01,,CASP004-01_B-1,,Pink,,Custom,Standard,Top depth
1107,CASP004-01,,CASP004-01_B-2,,Pink,,Custom,Standard,Top depth
1108,CASP004-01,,CASP004-01_B-3,,Pink,,Custom,Standard,Top depth
1109,CASP004-01,,CASP004-01_B-4,,Pink,,Custom,Standard,Top depth
1110,CASP004-01,,CASP004-01_B-5,,Pink,,Custom,Standard,Bottom depth
1111,CASP004-01,,CASP004-01_B-6,,Pink,,Custom,Standard,Bottom depth
